id,conversation_id,created_at,date,time,timezone,user_id,username,name,place,tweet,language,mentions,urls,photos,replies_count,retweets_count,likes_count,hashtags,cashtags,link,retweet,quote_url,video,thumbnail,near,geo,source,user_rt_id,user_rt,retweet_id,reply_to,retweet_date,translate,trans_src,trans_dest
1385542130890772485,1385542130890772485,2021-04-23 16:02:40 IST,2021-04-23,16:02:40,+0530,911210972852887556,360smsapp,360 SMS App,,Eliminate dependency on experts and automate interactions with a self-designed chatbot.    https://t.co/ydSaELEZ0s  #360smsapp #automation #chatbotservices #textautomation #support,en,[],['https://360smsapp.com/blog/how-to-build-a-chatbot-faster-with-360-sms/'],[],0,0,0,"['360smsapp', 'automation', 'chatbotservices', 'textautomation', 'support']",[],https://twitter.com/360SMSApp/status/1385542130890772485,False,,0,,,,,,,,[],,,,
1385486035774099457,1385486035774099457,2021-04-23 12:19:46 IST,2021-04-23,12:19:46,+0530,911210972852887556,360smsapp,360 SMS App,,Want to steer clear of the high messaging bill? Take SMS Segments into the account.  https://t.co/sxKSwoKpoa  #salesforce #360smsapp #smsmarketing #texting #segments,en,[],['https://360smsapp.com/blog/what-is-an-sms-segment-and-does-it-affect-per-sms-costing/'],[],0,2,0,"['salesforce', '360smsapp', 'smsmarketing', 'texting', 'segments']",[],https://twitter.com/360SMSApp/status/1385486035774099457,False,,0,,,,,,,,[],,,,
1385161057031753730,1385161057031753730,2021-04-22 14:48:25 IST,2021-04-22,14:48:25,+0530,911210972852887556,360smsapp,360 SMS App,,"Save the earth for life, or there will be no life on earth to save."" Go green and make our Earth a beautiful place to breathe. Happy Earth Day  https://t.co/y8MzFcCI33",en,[],[],['https://pbs.twimg.com/media/EzkUZS3VkAAZEVI.jpg'],0,0,0,[],[],https://twitter.com/360SMSApp/status/1385161057031753730,False,,1,https://pbs.twimg.com/media/EzkUZS3VkAAZEVI.jpg,,,,,,,[],,,,
1385136854790332420,1385136854790332420,2021-04-22 13:12:15 IST,2021-04-22,13:12:15,+0530,911210972852887556,360smsapp,360 SMS App,,Want to steer clear of heavy penalties while marketing through text? Stay SMS Compliant.  https://t.co/fRfy7urUj3  #salesforce #texting #compliancemanagement #businesstextmessaging #textmessagemarketing,en,[],['https://360smsapp.com/blog/sms-compliance-mechanism-explained/'],[],0,1,0,"['salesforce', 'texting', 'compliancemanagement', 'businesstextmessaging', 'textmessagemarketing']",[],https://twitter.com/360SMSApp/status/1385136854790332420,False,,0,,,,,,,,[],,,,
1384099038388121600,1384099038388121600,2021-04-19 16:28:20 IST,2021-04-19,16:28:20,+0530,911210972852887556,360smsapp,360 SMS App,,"""Don't want to end up on the spammer's list? Find out which texting practices should you avoid  https://t.co/Od5QyQeNiJ  #salesforce #texting #smsmarketing #customerengagement #textmessagemarketing",en,[],['https://360smsapp.com/blog/dont-let-text-messages-look-shady-4-texting-practices-to-avoid-at-all-costs/'],[],0,2,0,"['salesforce', 'texting', 'smsmarketing', 'customerengagement', 'textmessagemarketing']",[],https://twitter.com/360SMSApp/status/1384099038388121600,False,,0,,,,,,,,[],,,,
1383010166853967873,1383010166853967873,2021-04-16 16:21:33 IST,2021-04-16,16:21:33,+0530,911210972852887556,360smsapp,360 SMS App,,"""Send links to the knowledgebase article and provide 'self-help' to customers.  https://t.co/eeblyNWuKW  #salesforce #360smsapp #businesstextmessaging #linktracking #customerengagement """,en,[],['https://360smsapp.com/blog/link-tracking-in-360-sms-app-serve-self-help-get-metrics-to-test-engagement/'],[],0,1,1,"['salesforce', '360smsapp', 'businesstextmessaging', 'linktracking', 'customerengagement']",[],https://twitter.com/360SMSApp/status/1383010166853967873,False,,0,,,,,,,,[],,,,
1382647640987291649,1382647640987291649,2021-04-15 16:21:00 IST,2021-04-15,16:21:00,+0530,911210972852887556,360smsapp,360 SMS App,,"""Inconsistent contact numbers hamper trust. Connect with consistent contact details throughout the customer's journey.  https://t.co/psIrHqeZBk  #SalesforceSMS #360smsapp #consistency #businesstextmessaging #automation",en,[],['https://360smsapp.com/blog/sticky-sender-for-trust-hit-send-from-consistent-local-numbers-for-better-trust-responses/'],[],0,0,0,"['salesforcesms', '360smsapp', 'consistency', 'businesstextmessaging', 'automation']",[],https://twitter.com/360SMSApp/status/1382647640987291649,False,,0,,,,,,,,[],,,,
1382284857380724738,1382284857380724738,2021-04-14 16:19:26 IST,2021-04-14,16:19:26,+0530,911210972852887556,360smsapp,360 SMS App,,"""Don't let customers wait for your response? Conversate 1-on-1  https://t.co/KVw3jihi4Q  #salesforce #360smsapp #conversational #quickcommunication #sms",en,[],['https://360smsapp.com/blog/1-on-1-conversational-texting-establish-personal-contact-across-multiple-verticals/'],[],0,2,1,"['salesforce', '360smsapp', 'conversational', 'quickcommunication', 'sms']",[],https://twitter.com/360SMSApp/status/1382284857380724738,False,,0,,,,,,,,[],,,,
1377520443586842626,1377520443586842626,2021-04-01 12:47:21 IST,2021-04-01,12:47:21,+0530,911210972852887556,360smsapp,360 SMS App,,"""Automate conversations and capture data at scale  with DIY-configurable Chatbots.  https://t.co/G9mC6oozB7   #texting #dripcampaign #automatedtexting #sms #chatbots #salesforce""",en,[],['https://360smsapp.com/blog/360-sms-best-sms-app-in-salesforce-for-diy-configurable-chatbots/'],[],0,4,4,"['texting', 'dripcampaign', 'automatedtexting', 'sms', 'chatbots', 'salesforce']",[],https://twitter.com/360SMSApp/status/1377520443586842626,False,,0,,,,,,,,[],,,,
1376308984903213058,1376308984903213058,2021-03-29 04:33:27 IST,2021-03-29,04:33:27,+0530,911210972852887556,360smsapp,360 SMS App,,Wishing you the best of the times with your loved ones blessed with togetherness and happiness. Happy Holi! üé®  #holi2021 #happyholi #360degreecloud #360smsapp  https://t.co/2Mam4RpeWv,en,[],[],['https://pbs.twimg.com/media/ExmhsRyVcAIY70q.jpg'],0,0,0,"['holi2021', 'happyholi', '360degreecloud', '360smsapp']",[],https://twitter.com/360SMSApp/status/1376308984903213058,False,,1,https://pbs.twimg.com/media/ExmhsRyVcAIY70q.jpg,,,,,,,[],,,,
1375074202475057153,1375074202475057153,2021-03-25 18:46:52 IST,2021-03-25,18:46:52,+0530,911210972852887556,360smsapp,360 SMS App,,"""Send mass SMS from Salesforce Whatsapp.  Serve audiences at scale with personalized and secured messaging.   https://t.co/W9g9LRKgEl  #salesforce  #texting #360smsapp # whatsappforbusiness #bulkwhatsapp""",en,[],['https://360smsapp.com/blog/whatsapp-for-salesforce-enable-mass-sms-and-personalized-service/'],[],0,2,0,"['salesforce', 'texting', '360smsapp', 'bulkwhatsapp']",[],https://twitter.com/360SMSApp/status/1375074202475057153,False,,0,,,,,,,,[],,,,
1375074137186557958,1375074137186557958,2021-03-25 18:46:36 IST,2021-03-25,18:46:36,+0530,911210972852887556,360smsapp,360 SMS App,,"""Convey messages at scale without disturbing your customers with Ringless Voicemails   https://t.co/FoGyFLTVkj  #360smsapp #salesforce #voicemail #voicemarketing #voicemessaging""",en,[],['https://360smsapp.com/blog/legal-ringless-voicemail-apps-missed-call-like-responses-text-like-convenience/'],[],0,2,0,"['360smsapp', 'salesforce', 'voicemail', 'voicemarketing', 'voicemessaging']",[],https://twitter.com/360SMSApp/status/1375074137186557958,False,,0,,,,,,,,[],,,,
1375074064188903426,1375074064188903426,2021-03-25 18:46:19 IST,2021-03-25,18:46:19,+0530,911210972852887556,360smsapp,360 SMS App,,"""Understand users behaviour and target audience with personalized messages   https://t.co/hofnLTvPNj  #salesforce #pardot #texting #textmarketing #personalizedmarketing""",en,[],['https://360smsapp.com/blog/pardot-sms-integration-enhance-business-productivity-across-verticals/'],[],0,1,0,"['salesforce', 'pardot', 'texting', 'textmarketing', 'personalizedmarketing']",[],https://twitter.com/360SMSApp/status/1375074064188903426,False,,0,,,,,,,,[],,,,
1372876003312234496,1372876003312234496,2021-03-19 17:12:00 IST,2021-03-19,17:12:00,+0530,911210972852887556,360smsapp,360 SMS App,,Enable scalable #Salesforce #texting in minutes.  https://t.co/biTSBgJJab,en,[],['https://360smsapp.com/blog/360-sms-a-salesforce-native-text-marketing-app-on-appexchange/'],[],0,1,1,"['salesforce', 'texting']",[],https://twitter.com/360SMSApp/status/1372876003312234496,False,,0,,,,,,,,[],,,,
1369910297847242757,1369910297847242757,2021-03-11 12:47:21 IST,2021-03-11,12:47:21,+0530,911210972852887556,360smsapp,360 SMS App,,Agents going back and forth between the company system and desk phone?  https://t.co/Tr0wR9gWFb  #salesforce #360smsapp #appexchange #salesforcepartners #salesforceohana #trailblazercommunity #trailblazers  https://t.co/S39KjDCenQ,en,[],['https://sforce.co/2MHfafS'],['https://pbs.twimg.com/media/EwLmIV7VIAAReup.jpg'],0,1,0,"['salesforce', '360smsapp', 'appexchange', 'salesforcepartners', 'salesforceohana', 'trailblazercommunity', 'trailblazers']",[],https://twitter.com/360SMSApp/status/1369910297847242757,False,,1,https://pbs.twimg.com/media/EwLmIV7VIAAReup.jpg,,,,,,,[],,,,
1369192546203697154,1369192546203697154,2021-03-09 13:15:16 IST,2021-03-09,13:15:16,+0530,911210972852887556,360smsapp,360 SMS App,,1-on-1 conversation for faster case-resolution    https://t.co/Tr0wR9gWFb  #salesforce #360smsapp #appexchange #salesforcepartners #salesforceohana #trailblazercommunity #trailblazers  https://t.co/GJzovOZ2St,en,[],['https://sforce.co/2MHfafS'],['https://pbs.twimg.com/media/EwBZVYAVgAMiuCU.jpg'],0,0,0,"['salesforce', '360smsapp', 'appexchange', 'salesforcepartners', 'salesforceohana', 'trailblazercommunity', 'trailblazers']",[],https://twitter.com/360SMSApp/status/1369192546203697154,False,,1,https://pbs.twimg.com/media/EwBZVYAVgAMiuCU.jpg,,,,,,,[],,,,
1367746267443462145,1367746267443462145,2021-03-05 13:28:16 IST,2021-03-05,13:28:16,+0530,911210972852887556,360smsapp,360 SMS App,,Want to convey voice messages  without disturbing your prospects? Talk to us  https://t.co/Tr0wR9gWFb  #salesforce #360smsapp #appexchange #salesforcepartners #salesforceohana #trailblazercommunity #trailblazers  https://t.co/oUYnCaSYaz,en,[],['https://sforce.co/2MHfafS'],['https://pbs.twimg.com/media/Evs1965UUAcr3JL.jpg'],0,1,1,"['salesforce', '360smsapp', 'appexchange', 'salesforcepartners', 'salesforceohana', 'trailblazercommunity', 'trailblazers']",[],https://twitter.com/360SMSApp/status/1367746267443462145,False,,1,https://pbs.twimg.com/media/Evs1965UUAcr3JL.jpg,,,,,,,[],,,,
1366675478778576902,1366675478778576902,2021-03-02 14:33:20 IST,2021-03-02,14:33:20,+0530,911210972852887556,360smsapp,360 SMS App,,Send URLs without exhausting character limits. Here‚Äôs why you should care  https://t.co/Tr0wR9gWFb  #salesforce #360smsapp #appexchange #salesforcepartners #salesforceohana #trailblazercommunity #trailblazers  https://t.co/MwPGvyNNlt,en,[],['https://sforce.co/2MHfafS'],['https://pbs.twimg.com/media/EvdoE_AVoAIRpId.jpg'],0,1,1,"['salesforce', '360smsapp', 'appexchange', 'salesforcepartners', 'salesforceohana', 'trailblazercommunity', 'trailblazers']",[],https://twitter.com/360SMSApp/status/1366675478778576902,False,,1,https://pbs.twimg.com/media/EvdoE_AVoAIRpId.jpg,,,,,,,[],,,,
1364460986590093314,1364460986590093314,2021-02-24 11:53:44 IST,2021-02-24,11:53:44,+0530,911210972852887556,360smsapp,360 SMS App,,Want to keep all chats perpetually open? Get Triaged Alerts for unread messages and responses when your teams text  https://t.co/Tr0wR9gWFb  #salesforce #360smsapp #appexchange #salesforcepartners #salesforceohana #trailblazercommunity #trailblazers  https://t.co/3cqiENWv5r,en,[],['https://sforce.co/2MHfafS'],['https://pbs.twimg.com/media/Eu-J_rTVoAEMMCq.jpg'],0,0,0,"['salesforce', '360smsapp', 'appexchange', 'salesforcepartners', 'salesforceohana', 'trailblazercommunity', 'trailblazers']",[],https://twitter.com/360SMSApp/status/1364460986590093314,False,,1,https://pbs.twimg.com/media/Eu-J_rTVoAEMMCq.jpg,,,,,,,[],,,,
1361582771051765763,1361582771051765763,2021-02-16 13:16:44 IST,2021-02-16,13:16:44,+0530,911210972852887556,360smsapp,360 SMS App,,Configuring SMS campaigns? Assign leads back to the right lead owner automatically. Sticky Sender is for you.  https://t.co/Tr0wR9gWFb  #salesforce #360smsapp #appexchange #salesforcepartners #salesforceohana #trailblazercommunity #trailblazers  https://t.co/SXaJxbkcej,en,[],['https://sforce.co/2MHfafS'],['https://pbs.twimg.com/media/EuVQRlXVEAAqNLC.jpg'],0,0,3,"['salesforce', '360smsapp', 'appexchange', 'salesforcepartners', 'salesforceohana', 'trailblazercommunity', 'trailblazers']",[],https://twitter.com/360SMSApp/status/1361582771051765763,False,,1,https://pbs.twimg.com/media/EuVQRlXVEAAqNLC.jpg,,,,,,,[],,,,
1358674874311475204,1358674874311475204,2021-02-08 12:41:47 IST,2021-02-08,12:41:47,+0530,911210972852887556,360smsapp,360 SMS App,,Orchestrate most of your MessagingOps from one console window. More on our ‚ÄòConversation Manager‚Äô here:  https://t.co/Tr0wR9gWFb  #salesforce #360smsapp #salesforceohana #salesforceessentials #appexchange #trailblazers #trailblazercommunity  https://t.co/BFNU0dueAC,en,[],['https://sforce.co/2MHfafS'],['https://pbs.twimg.com/media/Etr7jH_UUAIoVv2.jpg'],0,0,3,"['salesforce', '360smsapp', 'salesforceohana', 'salesforceessentials', 'appexchange', 'trailblazers', 'trailblazercommunity']",[],https://twitter.com/360SMSApp/status/1358674874311475204,False,,1,https://pbs.twimg.com/media/Etr7jH_UUAIoVv2.jpg,,,,,,,[],,,,
1356596244051709952,1356596244051709952,2021-02-02 19:02:03 IST,2021-02-02,19:02:03,+0530,911210972852887556,360smsapp,360 SMS App,,"Serve and Support more smoothly with mature, out-of-the-box automation for Business WhatsApp  Read more:  https://t.co/McEp4Saik7  #salesforce #360smsapp #salesforceohana #trailblazers #smsforsalesforce #whatsappforsalesforce  https://t.co/80GufpKtxS",en,[],['https://bit.ly/3pGwcJt'],['https://pbs.twimg.com/media/EtOZCYeVgAMSuJJ.jpg'],1,0,0,"['salesforce', '360smsapp', 'salesforceohana', 'trailblazers', 'smsforsalesforce', 'whatsappforsalesforce']",[],https://twitter.com/360SMSApp/status/1356596244051709952,False,,1,https://pbs.twimg.com/media/EtOZCYeVgAMSuJJ.jpg,,,,,,,[],,,,
1354405598327017474,1354405598327017474,2021-01-27 17:57:12 IST,2021-01-27,17:57:12,+0530,911210972852887556,360smsapp,360 SMS App,,360 SMS supports multi-channel targeting.  #salesforce #360smsapp #whatsappforsalesfroce #smsforsalesforce #crm #salesforceohana #customerrelationships  https://t.co/XTn0BjovMY,en,[],[],['https://pbs.twimg.com/media/EsvQsDeUwAEae04.jpg'],0,2,1,"['salesforce', '360smsapp', 'whatsappforsalesfroce', 'smsforsalesforce', 'crm', 'salesforceohana', 'customerrelationships']",[],https://twitter.com/360SMSApp/status/1354405598327017474,False,,1,https://pbs.twimg.com/media/EsvQsDeUwAEae04.jpg,,,,,,,[],,,,
1353941786658390021,1353941786658390021,2021-01-26 11:14:11 IST,2021-01-26,11:14:11,+0530,911210972852887556,360smsapp,360 SMS App,,"A constitution that enshrined our values, held firm over decades, and made us whole.  #HappyRepublicDay India. üáÆüá≥  https://t.co/lcV8QHclsm",en,[],[],['https://pbs.twimg.com/media/Esoq349U4AEc70W.jpg'],0,0,1,['happyrepublicday'],[],https://twitter.com/360SMSApp/status/1353941786658390021,False,,1,https://pbs.twimg.com/media/Esoq349U4AEc70W.jpg,,,,,,,[],,,,
1351420109105971201,1351420109105971201,2021-01-19 12:13:56 IST,2021-01-19,12:13:56,+0530,911210972852887556,360smsapp,360 SMS App,,Get prospecting right this new year.  #salesforce #360smsapp #whatsappforsalesfroce #smsforsalesforce #crm #salesforceohana #customerrelationships  https://t.co/cjuJOqpnfD,en,[],[],['https://pbs.twimg.com/media/EsE1Sn0UYAI60Rp.jpg'],1,1,0,"['salesforce', '360smsapp', 'whatsappforsalesfroce', 'smsforsalesforce', 'crm', 'salesforceohana', 'customerrelationships']",[],https://twitter.com/360SMSApp/status/1351420109105971201,False,,1,https://pbs.twimg.com/media/EsE1Sn0UYAI60Rp.jpg,,,,,,,[],,,,
1350085829805314061,1350085829805314061,2021-01-15 19:51:59 IST,2021-01-15,19:51:59,+0530,911210972852887556,360smsapp,360 SMS App,,Use personalized channels for greater scale and penetration.  #salesforce #360smsapp #whatsappforsalesfroce #smsforsalesforce #crm #salesforceohana #customerrelationships  https://t.co/SEts6zWlSv,en,[],[],['https://pbs.twimg.com/media/Erx32PPVgAgQbCU.jpg'],0,1,0,"['salesforce', '360smsapp', 'whatsappforsalesfroce', 'smsforsalesforce', 'crm', 'salesforceohana', 'customerrelationships']",[],https://twitter.com/360SMSApp/status/1350085829805314061,False,,1,https://pbs.twimg.com/media/Erx32PPVgAgQbCU.jpg,,,,,,,[],,,,
1345025693868953601,1345025693868953601,2021-01-01 20:44:49 IST,2021-01-01,20:44:49,+0530,911210972852887556,360smsapp,360 SMS App,,"As 2020 draws to a close,  it‚Äôs time for the regroup &amp; recreate.  360 SMS wishes you the best for 2021.  #salesforce #360smsapp #newyears #newyear2021 #greetings  https://t.co/jtPQB3TrwK",en,[],[],['https://pbs.twimg.com/media/Eqp9uifUUAEZVjr.jpg'],0,0,0,"['salesforce', '360smsapp', 'newyears', 'newyear2021', 'greetings']",[],https://twitter.com/360SMSApp/status/1345025693868953601,False,,1,https://pbs.twimg.com/media/Eqp9uifUUAEZVjr.jpg,,,,,,,[],,,,
1344621206352269313,1344621206352269313,2020-12-31 17:57:32 IST,2020-12-31,17:57:32,+0530,911210972852887556,360smsapp,360 SMS App,,"2020, you were a roller-coaster of a year. This New Year's Eve, we bid you adieu.  #salesforce #360smsapp #newyearseve #2021goals #newyear2021 #greetings  https://t.co/oJDhp0V8GE",en,[],[],['https://pbs.twimg.com/media/EqkN2czVgAAgZAE.jpg'],0,0,0,"['salesforce', '360smsapp', 'newyearseve', '2021goals', 'newyear2021', 'greetings']",[],https://twitter.com/360SMSApp/status/1344621206352269313,False,,1,https://pbs.twimg.com/media/EqkN2czVgAAgZAE.jpg,,,,,,,[],,,,
1342478018627788807,1342478018627788807,2020-12-25 20:01:16 IST,2020-12-25,20:01:16,+0530,911210972852887556,360smsapp,360 SMS App,,"Dashing through the snow,  We wish you this Christmas Day,  See you in 2021  We'll text you all the way.  Team 360 wishes your teams &amp; families,  a merry, merry Christmas.üéÖ‚õÑ  #salesforce #360smsapp #christmas2020 #greetings #festival #holidays2020  https://t.co/cy42qnyKHM",en,[],[],['https://pbs.twimg.com/media/EqFwmrXUYAA8Kdv.jpg'],0,1,1,"['salesforce', '360smsapp', 'christmas2020', 'greetings', 'festival', 'holidays2020']",[],https://twitter.com/360SMSApp/status/1342478018627788807,False,,1,https://pbs.twimg.com/media/EqFwmrXUYAA8Kdv.jpg,,,,,,,[],,,,
1342107234700955649,1342107234700955649,2020-12-24 19:27:54 IST,2020-12-24,19:27:54,+0530,911210972852887556,360smsapp,360 SMS App,,Treat yourself to a good time this Christmas Eve.ü¶å‚õÑ  #salesforce #360smsapp #greetings #christmaseve2020 #christmas #celebrations #christmas2020  https://t.co/v1kChRlttP,en,[],[],['https://pbs.twimg.com/media/EqAfaV5UUAA_IJ4.jpg'],0,1,1,"['salesforce', '360smsapp', 'greetings', 'christmaseve2020', 'christmas', 'celebrations', 'christmas2020']",[],https://twitter.com/360SMSApp/status/1342107234700955649,False,,1,https://pbs.twimg.com/media/EqAfaV5UUAA_IJ4.jpg,,,,,,,[],,,,
1336744931495329792,1336744931495329792,2020-12-10 00:20:01 IST,2020-12-10,00:20:01,+0530,911210972852887556,360smsapp,360 SMS App,,"LIVE in 30 Minutes. Attend here directly üëâ https://t.co/RuOxWM2hmj  #salesforce #salesforcewebinar #webinar2020 #salesforceohana #trailblazercommunity #360smsapp #textingautomation #smsforsalesforce #salesforceconsultant  https://t.co/uDES5AjrKc",en,[],['https://us02web.zoom.us/webinar/register/WN_h1elngu2T9mVRVitwrc1Gw'],['https://pbs.twimg.com/media/Eo0SbGSUwAAG5se.jpg'],0,0,1,"['salesforce', 'salesforcewebinar', 'webinar2020', 'salesforceohana', 'trailblazercommunity', '360smsapp', 'textingautomation', 'smsforsalesforce', 'salesforceconsultant']",[],https://twitter.com/360SMSApp/status/1336744931495329792,False,,1,https://pbs.twimg.com/media/Eo0SbGSUwAAG5se.jpg,,,,,,,[],,,,
1335989374622699524,1335989374622699524,2020-12-07 22:17:43 IST,2020-12-07,22:17:43,+0530,911210972852887556,360smsapp,360 SMS App,,"Time is running so fast. Just 2 DAYS more to go LIVE. Register NOW:  https://t.co/nKrMPJIGH2  #salesforce #salesforcewebinar #webinar2020 #salesforceohana #trailblazercommunity #360smsapp #textingautomation #smsforsalesforce #salesforceconsultant  https://t.co/BbxIr4c1Nn",en,[],['https://bit.ly/3lrlxPN'],['https://pbs.twimg.com/media/EopjP0_VEAAe2Es.jpg'],0,0,0,"['salesforce', 'salesforcewebinar', 'webinar2020', 'salesforceohana', 'trailblazercommunity', '360smsapp', 'textingautomation', 'smsforsalesforce', 'salesforceconsultant']",[],https://twitter.com/360SMSApp/status/1335989374622699524,False,,1,https://pbs.twimg.com/media/EopjP0_VEAAe2Es.jpg,,,,,,,[],,,,
1334024403546378240,1334024403546378240,2020-12-02 12:09:37 IST,2020-12-02,12:09:37,+0530,911210972852887556,360smsapp,360 SMS App,,Register to know more:  https://t.co/05pRln2qUQ  #Salesforce #TrailblazerCommunity #Ohana #360smsapp #InspiringOhana #webinaralert #salesforceohana #salesforcewebinar #webinar2020 #whatsappforbusiness #smsservice  https://t.co/NOPmZDCRHj,en,[],['https://bit.ly/3mcOD6X'],['https://pbs.twimg.com/media/EoNoHlGVQAMJMPE.jpg'],0,1,1,"['salesforce', 'trailblazercommunity', 'ohana', '360smsapp', 'inspiringohana', 'webinaralert', 'salesforceohana', 'salesforcewebinar', 'webinar2020', 'whatsappforbusiness', 'smsservice']",[],https://twitter.com/360SMSApp/status/1334024403546378240,False,,1,https://pbs.twimg.com/media/EoNoHlGVQAMJMPE.jpg,,,,,,,[],,,,
1333184174698557441,1333184174698557441,2020-11-30 04:30:51 IST,2020-11-30,04:30:51,+0530,911210972852887556,360smsapp,360 SMS App,,"Integrate Whatsapp connect responses to the fastest data capture, services, and support  Register to know more:  https://t.co/05pRln2qUQ  #Salesforce #TrailblazerCommunity #Ohana #360smsapp #InspiringOhana #webinaralert #salesforceohana #salesforcewebinar #webinar2020  https://t.co/lXqdeg0qUE",en,[],['https://bit.ly/3mcOD6X'],['https://pbs.twimg.com/media/EoBr71NUwAAMXBF.jpg'],0,1,1,"['salesforce', 'trailblazercommunity', 'ohana', '360smsapp', 'inspiringohana', 'webinaralert', 'salesforceohana', 'salesforcewebinar', 'webinar2020']",[],https://twitter.com/360SMSApp/status/1333184174698557441,False,,1,https://pbs.twimg.com/media/EoBr71NUwAAMXBF.jpg,,,,,,,[],,,,
1331584477252833280,1331584477252833280,2020-11-25 18:34:13 IST,2020-11-25,18:34:13,+0530,911210972852887556,360smsapp,360 SMS App,,"Feeling thankful this November? Thank your clients through 360 SMS App  #happythanksgiving #thanksgiving2020 #thanksgivingday #360smsapp #salesforce #november2020 #greetings #wishes #salesforceohana #salesforcecommunity #salesforcepartner  https://t.co/DTWboLT6tF",en,[],[],['https://pbs.twimg.com/media/Enq9AQSVQAE5byy.jpg'],0,1,3,"['happythanksgiving', 'thanksgiving2020', 'thanksgivingday', '360smsapp', 'salesforce', 'november2020', 'greetings', 'wishes', 'salesforceohana', 'salesforcecommunity', 'salesforcepartner']",[],https://twitter.com/360SMSApp/status/1331584477252833280,False,,1,https://pbs.twimg.com/media/Enq9AQSVQAE5byy.jpg,,,,,,,[],,,,
1327250633888464896,1327250633888464896,2020-11-13 19:33:04 IST,2020-11-13,19:33:04,+0530,911210972852887556,360smsapp,360 SMS App,,"Thanks for making our webinar a smash-hit.   Couldn‚Äôt make it to the webinar? Don‚Äôt Sweat! Click here to access what you missed üëâ  https://t.co/wozNafFTdq  #360smsapp #salesforce #webinar #webinaralert #webinar2020 #salesforcewebinar #textingautomation #thanks #successful  https://t.co/wsEzZ6ndq7",en,[],['https://bit.ly/35sCxRd'],['https://pbs.twimg.com/media/EmtXaUDUUAA7IAP.jpg'],0,1,1,"['360smsapp', 'salesforce', 'webinar', 'webinaralert', 'webinar2020', 'salesforcewebinar', 'textingautomation', 'thanks', 'successful']",[],https://twitter.com/360SMSApp/status/1327250633888464896,False,,1,https://pbs.twimg.com/media/EmtXaUDUUAA7IAP.jpg,,,,,,,[],,,,
1326204768868446208,1326204768868446208,2020-11-10 22:17:11 IST,2020-11-10,22:17:11,+0530,911210972852887556,360smsapp,360 SMS App,,"Register for the WEBINAR here üëâ  https://t.co/yqdVECM3ha See powerful Salesforce-texting reshape clinical-trial recruitment  #360smsapp #salesforce #ohana #webinar #webinaralert #webinar2020 #salesforcewebinar #textingautomation #clinicalrecruitment #datacapture  https://t.co/gqTILJ3VsI",en,[],['https://bit.ly/2Gx0m0w'],['https://pbs.twimg.com/media/EmegMqlVkAAI3Nt.jpg'],0,1,0,"['360smsapp', 'salesforce', 'ohana', 'webinar', 'webinaralert', 'webinar2020', 'salesforcewebinar', 'textingautomation', 'clinicalrecruitment', 'datacapture']",[],https://twitter.com/360SMSApp/status/1326204768868446208,False,,1,https://pbs.twimg.com/media/EmegMqlVkAAI3Nt.jpg,,,,,,,[],,,,
1325828648981524481,1325828648981524481,2020-11-09 21:22:37 IST,2020-11-09,21:22:37,+0530,911210972852887556,360smsapp,360 SMS App,,"Register here üëâüëâ  https://t.co/yqdVECM3ha  Get insider views on the possibilities for the best messaging outreach &amp; data-capture ever.  #360smsapp #salesforce #webinar #webinaralert #webinar2020 #salesforcewebinar #textingautomation #datacapture #prospects #lowercosts #Ohana  https://t.co/XD0AmSg4Gm",en,[],['https://bit.ly/2Gx0m0w'],['https://pbs.twimg.com/media/EmZKHvGUYAUQUti.jpg'],0,1,0,"['360smsapp', 'salesforce', 'webinar', 'webinaralert', 'webinar2020', 'salesforcewebinar', 'textingautomation', 'datacapture', 'prospects', 'lowercosts', 'ohana']",[],https://twitter.com/360SMSApp/status/1325828648981524481,False,,1,https://pbs.twimg.com/media/EmZKHvGUYAUQUti.jpg,,,,,,,[],,,,
1324320630959865857,1324320630959865857,2020-11-05 17:30:17 IST,2020-11-05,17:30:17,+0530,911210972852887556,360smsapp,360 SMS App,,"üî¥üíªWebinar! Webinar!üî¥üíª Registration &amp; more details right this way üëâ  https://t.co/yqdVECM3ha  #360smsapp #salesforce #ohana #webinar #webinaralert #webinar2020 #salesforcewebinar #clinicalrecruitment  https://t.co/IT7gUJVhVR",en,[],['https://bit.ly/2Gx0m0w'],['https://pbs.twimg.com/media/EmDulsEVcAAZzJ8.jpg'],0,0,0,"['360smsapp', 'salesforce', 'ohana', 'webinar', 'webinaralert', 'webinar2020', 'salesforcewebinar', 'clinicalrecruitment']",[],https://twitter.com/360SMSApp/status/1324320630959865857,False,,1,https://pbs.twimg.com/media/EmDulsEVcAAZzJ8.jpg,,,,,,,[],,,,
1323156736866332672,1323156736866332672,2020-11-02 12:25:23 IST,2020-11-02,12:25:23,+0530,911210972852887556,360smsapp,360 SMS App,,"Switch from Scheduled Actions in Salesforce to 360 SMS.  Get it NOW:  https://t.co/IuWOudE9HP  #salesforce #360degreecloud #360smsapp #smsmarketing #automation #texting #stickysender #nocode #textmessaging #smsforsalesforce  https://t.co/XxSUAuBIlQ",en,[],['https://bit.ly/3eJjc0c'],['https://pbs.twimg.com/media/ElzMCIkUcAApZTe.jpg'],0,3,3,"['salesforce', '360degreecloud', '360smsapp', 'smsmarketing', 'automation', 'texting', 'stickysender', 'nocode', 'textmessaging', 'smsforsalesforce']",[],https://twitter.com/360SMSApp/status/1323156736866332672,False,,1,https://pbs.twimg.com/media/ElzMCIkUcAApZTe.jpg,,,,,,,[],,,,
1322474289535176704,1322474289535176704,2020-10-31 15:13:35 IST,2020-10-31,15:13:35,+0530,911210972852887556,360smsapp,360 SMS App,,"Looking forward to loads of candy and time with you.Happy Halloween, Have a Spooky time! üé¥üëª  https://t.co/ZSfm0Ssrjc",en,[],[],['https://pbs.twimg.com/media/ElpfVwcUYAYApNH.jpg'],0,0,0,[],[],https://twitter.com/360SMSApp/status/1322474289535176704,False,,1,https://pbs.twimg.com/media/ElpfVwcUYAYApNH.jpg,,,,,,,[],,,,
1321423073917104130,1321423073917104130,2020-10-28 17:36:26 IST,2020-10-28,17:36:26,+0530,911210972852887556,360smsapp,360 SMS App,,"Easily edit records in-line as you retrieve details over calls  Try NOW:  https://t.co/IuWOudE9HP  #salesforce #360degreecloud #360smsapp #smsmarketing #automation #texting #stickysender #nocode #textmessaging #smsforsalesforce #cti #telephony  https://t.co/W31XxIvGZb",en,[],['https://bit.ly/3eJjc0c'],['https://pbs.twimg.com/media/ElajRgEU4AAEcKJ.jpg'],0,2,4,"['salesforce', '360degreecloud', '360smsapp', 'smsmarketing', 'automation', 'texting', 'stickysender', 'nocode', 'textmessaging', 'smsforsalesforce', 'cti', 'telephony']",[],https://twitter.com/360SMSApp/status/1321423073917104130,False,,1,https://pbs.twimg.com/media/ElajRgEU4AAEcKJ.jpg,,,,,,,[],,,,
1320639092980264961,1320639092980264961,2020-10-26 13:41:10 IST,2020-10-26,13:41:10,+0530,911210972852887556,360smsapp,360 SMS App,,"Move easily to telephony when lead-interest heats-upor use text to send important links &amp; articles while you talk.See this in action @  https://t.co/IuWOudE9HP  #salesforce #360smsapp #smsmarketing #automation #texting #nocode #textmessaging #smsforsalesforce #cti #telephony  https://t.co/JnsOv2MaIo",en,[],['https://bit.ly/3eJjc0c'],['https://pbs.twimg.com/media/ElPaPstUUAAksy6.jpg'],0,2,3,"['salesforce', '360smsapp', 'smsmarketing', 'automation', 'texting', 'nocode', 'textmessaging', 'smsforsalesforce', 'cti', 'telephony']",[],https://twitter.com/360SMSApp/status/1320639092980264961,False,,1,https://pbs.twimg.com/media/ElPaPstUUAAksy6.jpg,,,,,,,[],,,,
1319233164766711813,1319233164766711813,2020-10-22 16:34:31 IST,2020-10-22,16:34:31,+0530,911210972852887556,360smsapp,360 SMS App,,"When combined, the 2 set your businesses up for easy, potent growth with our products Try NOW for free:  https://t.co/cldovyGdke  Contact us:  https://t.co/IuWOudE9HP  #salesforce #360degreecloud #360smsapp #smsmarketing #automation #texting #nocode #textmessaging  https://t.co/sfGZQ2glHg",en,[],"['https://sforce.co/31xYPyx', 'https://bit.ly/3eJjc0c']",['https://pbs.twimg.com/media/Ek7bj98U8AINzMr.jpg'],0,2,3,"['salesforce', '360degreecloud', '360smsapp', 'smsmarketing', 'automation', 'texting', 'nocode', 'textmessaging']",[],https://twitter.com/360SMSApp/status/1319233164766711813,False,,1,https://pbs.twimg.com/media/Ek7bj98U8AINzMr.jpg,,,,,,,[],,,,
1318453751603027968,1318453751603027968,2020-10-20 12:57:24 IST,2020-10-20,12:57:24,+0530,911210972852887556,360smsapp,360 SMS App,,"Easy Brand-recall Equity: When all messages to customers go from their respective account manager‚Äôs number,No matter who sends them.  Try NOW:  https://t.co/IuWOudE9HP  #salesforce #360degreecloud #360smsapp #automation #stickysender #nocode #textmessaging #smsforsalesforce  https://t.co/UpZOPV2Pww",en,[],['https://bit.ly/3eJjc0c'],['https://pbs.twimg.com/media/EkwWsaGUcAA2-8h.jpg'],0,2,3,"['salesforce', '360degreecloud', '360smsapp', 'automation', 'stickysender', 'nocode', 'textmessaging', 'smsforsalesforce']",[],https://twitter.com/360SMSApp/status/1318453751603027968,False,,1,https://pbs.twimg.com/media/EkwWsaGUcAA2-8h.jpg,,,,,,,[],,,,
1318109014945796096,1318109014945796096,2020-10-19 14:07:33 IST,2020-10-19,14:07:33,+0530,911210972852887556,360smsapp,360 SMS App,,"Keep options open with all possible modes of Point-&amp;-Click or Custom code  Try NOW:  https://t.co/IuWOudE9HP  #salesforce #360degreecloud #360smsapp #smsmarketing #automation #texting #nocode #textmessaging #smsforsalesforce  https://t.co/fCQh5fqFx8",en,[],['https://bit.ly/3eJjc0c'],['https://pbs.twimg.com/media/EkrdKHsVoAA6aha.jpg'],0,5,8,"['salesforce', '360degreecloud', '360smsapp', 'smsmarketing', 'automation', 'texting', 'nocode', 'textmessaging', 'smsforsalesforce']",[],https://twitter.com/360SMSApp/status/1318109014945796096,False,,1,https://pbs.twimg.com/media/EkrdKHsVoAA6aha.jpg,,,,,,,[],,,,
1309039368569606144,1309039368569606144,2020-09-24 13:28:00 IST,2020-09-24,13:28:00,+0530,911210972852887556,360smsapp,360 SMS App,,"Automatically add Leads &amp; other recipients in Salesforce to Drip Campaigns for follow-up, payment reminders, campaigns on dormant leads, and document validation.   Watch our YouTube video to learn more-  https://t.co/ORGufqZ1dz  Like, Subscribe, and Share!üëçüîî‚úÖ",en,[],['https://bit.ly/35Z4II1'],[],0,0,1,[],[],https://twitter.com/360SMSApp/status/1309039368569606144,False,,0,,,,,,,,[],,,,
1308673714754445312,1308673714754445312,2020-09-23 13:15:02 IST,2020-09-23,13:15:02,+0530,911210972852887556,360smsapp,360 SMS App,,"360 SMS is a ‚Äòtrue‚Äô zero-code solution for one-stop, Salesforce-native texting, that works even while you sleep.   Know more about this on our YouTube channel.  https://t.co/QLK9KCBsAQ  Like, Subscribe, and Share!üëçüîî‚úÖ",en,[],['https://bit.ly/2FQt9MY'],[],0,1,2,[],[],https://twitter.com/360SMSApp/status/1308673714754445312,False,,0,,,,,,,,[],,,,
1308345447262625792,1308345447262625792,2020-09-22 15:30:37 IST,2020-09-22,15:30:37,+0530,911210972852887556,360smsapp,360 SMS App,,"Just WhatsApp it with Salesforce.   Integrate your website‚Äôs WhatsApp chats, directly to your Salesforce.   Know more about this on our YouTube channel.  https://t.co/tSbjreez5d  Like, Subscribe, and Share!üëçüîî‚úÖ   #salesforce #360smsapp #textingsolutions #smsforsalesforce",en,[],['https://bit.ly/35XDdhO'],[],0,0,0,"['salesforce', '360smsapp', 'textingsolutions', 'smsforsalesforce']",[],https://twitter.com/360SMSApp/status/1308345447262625792,False,,0,,,,,,,,[],,,,
1307945863281426434,1307945863281426434,2020-09-21 13:02:48 IST,2020-09-21,13:02:48,+0530,911210972852887556,360smsapp,360 SMS App,,"With 360 SMS, you‚Äôll make interactions over a powerful familiar interface of ‚ÄòConversation View‚Äô and will be able to send 1-on-1 messages, track links in the message and so much more!  Click on the link below to find out more about 1-on-1 texting.   https://t.co/AdortZ7uZy",en,[],['https://bit.ly/3mB0egy'],[],0,0,0,[],[],https://twitter.com/360SMSApp/status/1307945863281426434,False,,0,,,,,,,,[],,,,
1306852529322385408,1306852529322385408,2020-09-18 12:38:17 IST,2020-09-18,12:38:17,+0530,911210972852887556,360smsapp,360 SMS App,,"1-on-1 texting + bulk WhatsApp messages?Watch our YouTube video to know what this combo lets you do!   Tune in NOW:  https://t.co/4RapFdrFPH   Like, Subscribe, and Share!üëçüîî‚úÖ   #salesforce #360smsapp #textingsolutions #smsforsalesforce #youtube #smsmarketing #360sms",en,[],['https://bit.ly/2RPZ6aV'],[],0,4,1,"['salesforce', '360smsapp', 'textingsolutions', 'smsforsalesforce', 'youtube', 'smsmarketing', '360sms']",[],https://twitter.com/360SMSApp/status/1306852529322385408,False,,0,,,,,,,,[],,,,
1306169721583095810,1306169721583095810,2020-09-16 15:25:03 IST,2020-09-16,15:25:03,+0530,911210972852887556,360smsapp,360 SMS App,,"SMS templates for the win! Are you tired of re-writing the same messages and emails every day?   Tune in NOW:  https://t.co/3YmzRUvPfP  Don‚Äôt forget to like and subscribe!üëçüîî  #salesforce #360smsapp #textingsolutions #smsforsalesforce #customerreview #testimonials #youtube",en,[],['https://bit.ly/3mnHPDS'],[],0,0,0,"['salesforce', '360smsapp', 'textingsolutions', 'smsforsalesforce', 'customerreview', 'testimonials', 'youtube']",[],https://twitter.com/360SMSApp/status/1306169721583095810,False,,0,,,,,,,,[],,,,
1304816433721831424,1304816433721831424,2020-09-12 21:47:34 IST,2020-09-12,21:47:34,+0530,911210972852887556,360smsapp,360 SMS App,,"Learn about 11 Salesforce Apps for small businesses to boost processes and sets of operations.  Read:  https://t.co/sUwOVBgTg9  #salesforce #salesforceohana #salesforcecrm #appexchange #SMB #textmessaging #smsmarketing #salesforceapp #smallbusiness #salesforceforbusiness",en,[],['https://bit.ly/33i9GMY'],[],1,2,3,"['salesforce', 'salesforceohana', 'salesforcecrm', 'appexchange', 'smb', 'textmessaging', 'smsmarketing', 'salesforceapp', 'smallbusiness', 'salesforceforbusiness']",[],https://twitter.com/360SMSApp/status/1304816433721831424,False,,0,,,,,,,,[],,,,
1304114592394534912,1304114592394534912,2020-09-10 23:18:42 IST,2020-09-10,23:18:42,+0530,911210972852887556,360smsapp,360 SMS App,,"Are you tired of sending emails? Then why not text and communicate effectively. Our customers say 360 SMS App is a Game-Changer! Watch Bradley Brondt's testimonial on YouTube channel to know more about.Hit like and subscribe!üëçüîî  Take a dekko at:  https://t.co/rfWDfjpLnk",en,[],['https://bit.ly/3gzisL5'],[],0,0,2,[],[],https://twitter.com/360SMSApp/status/1304114592394534912,False,,0,,,,,,,,[],,,,
1303640346484637697,1303640346484637697,2020-09-09 15:54:13 IST,2020-09-09,15:54:13,+0530,911210972852887556,360smsapp,360 SMS App,,"Rebecca Herndon , who works in the financial sector, has been utilising our services for the past six months and has positive feedback for us. We‚Äôre happy to hear from you, Rebecca! Check out her feedback on our YouTube channel.  Visit:  https://t.co/FczQwuEgVp",en,[],['https://bit.ly/3gwIgHW'],[],0,0,2,[],[],https://twitter.com/360SMSApp/status/1303640346484637697,False,,0,,,,,,,,[],,,,
1303379951568076800,1303379951568076800,2020-09-08 22:39:30 IST,2020-09-08,22:39:30,+0530,911210972852887556,360smsapp,360 SMS App,,"We‚Äôre so happy that our customers enjoyed their experience with the 360 SMS Team. Julie Aragon, who has been with us for three years, is satisfied with our product as well as our quick service!  Don‚Äôt forget to Like and Subscribe! üëçüîî  Check out:  https://t.co/41DXdhyItO",en,[],['https://bit.ly/3hAqSTI'],[],0,0,2,[],[],https://twitter.com/360SMSApp/status/1303379951568076800,False,,0,,,,,,,,[],,,,
1303225519891124224,1303225519891124224,2020-09-08 12:25:51 IST,2020-09-08,12:25:51,+0530,911210972852887556,360smsapp,360 SMS App,,"Check out Irit Eizips testimonial on our YouTube Channel where she gives a demo about the app.  Like, Subscribe, and Share!üëçüîî‚úÖ  Tune in NOW:  https://t.co/vGST3K1rUT",en,[],['https://bit.ly/2EzikhE'],[],0,0,1,[],[],https://twitter.com/360SMSApp/status/1303225519891124224,False,,0,,,,,,,,[],,,,
1301886872432508929,1301886872432508929,2020-09-04 19:46:32 IST,2020-09-04,19:46:32,+0530,911210972852887556,360smsapp,360 SMS App,,"Exciting review from Mitch Brendle who used 360 SMS and he loves it!! Mitch says, ‚ÄúThe tool has made my business even better‚Äù. Go check out his video on our YouTube channel.   Like and Subscribe!üëçüîî  Watch:  https://t.co/MeDFPq0gg6",en,[],['https://bit.ly/34C82bp'],[],0,0,0,[],[],https://twitter.com/360SMSApp/status/1301886872432508929,False,,0,,,,,,,,[],,,,
1301492343409836032,1301492343409836032,2020-09-03 17:38:49 IST,2020-09-03,17:38:49,+0530,911210972852887556,360smsapp,360 SMS App,,"Meet iText, a do-it-all SMS surveying feature. iText is 360‚Äôs most capable feature offering for intelligent texting that exemplifies no code.   Our YouTube video explains what iText is all about!  Check it out on  https://t.co/56gnNkWaUY  Like and Subscribe! üëçüîî",en,[],['https://bit.ly/3hTm0JM'],[],0,0,1,[],[],https://twitter.com/360SMSApp/status/1301492343409836032,False,,0,,,,,,,,[],,,,
1301171822801465349,1301171822801465349,2020-09-02 20:25:11 IST,2020-09-02,20:25:11,+0530,911210972852887556,360smsapp,360 SMS App,,"Ringless Voicemail? What even is that?  Ever wonder if you can schedule strategic Voicemails without rings.   Tune in to learn more:  https://t.co/JTpVcftbB0  Like, Share, and Subscribe.üëçüîî‚úÖ  #salesforce #360smsapp #textingsolutions #smsforsalesforce #ringlessvoicemail",en,[],['https://bit.ly/2QzmNDD'],[],0,0,1,"['salesforce', '360smsapp', 'textingsolutions', 'smsforsalesforce', 'ringlessvoicemail']",[],https://twitter.com/360SMSApp/status/1301171822801465349,False,,0,,,,,,,,[],,,,
1300404447269416965,1300404447269416965,2020-08-31 17:35:55 IST,2020-08-31,17:35:55,+0530,911210972852887556,360smsapp,360 SMS App,,"Redefine your business with 360 SMS App, a One-Stop Text Messaging Solution for Salesforce. 360 SMS is a ‚Äòtrue‚Äô zero-code solution that works even while you sleep.   Tune in to explore amazing new features and a Live Demo NOW:  https://t.co/WcsasiVz2w",en,[],['https://bit.ly/2ELDzNg'],[],0,0,0,[],[],https://twitter.com/360SMSApp/status/1300404447269416965,False,,0,,,,,,,,[],,,,
1299870666326335488,1299870666326335488,2020-08-30 06:14:51 IST,2020-08-30,06:14:51,+0530,911210972852887556,360smsapp,360 SMS App,,We asked our team to give their best coding tips and here‚Äôs what they had to share.  #codingbesttips #salesforce #360degreecloud #360smsapp #salesforcedev #codingpractice #tipoftheday  https://t.co/LLPTlZqFIo,en,[],[],['https://pbs.twimg.com/media/EgoReciUMAE3RQr.jpg'],0,3,3,"['codingbesttips', 'salesforce', '360degreecloud', '360smsapp', 'salesforcedev', 'codingpractice', 'tipoftheday']",[],https://twitter.com/360SMSApp/status/1299870666326335488,False,,1,https://pbs.twimg.com/media/EgoReciUMAE3RQr.jpg,,,,,,,[],,,,
1299331014922182656,1299331014922182656,2020-08-28 18:30:29 IST,2020-08-28,18:30:29,+0530,911210972852887556,360smsapp,360 SMS App,,"Thanks Jason Edwards for acknowledging the work that goes behind our products and putting in a good word for us. Hearing great things like that after sustained usage means a lot &amp; we'll continue to push the bar on that standard.  Know more about us @  https://t.co/7KdxKsPqqB  https://t.co/erQjarcpJF",en,[],['https://sforce.co/2YuK3H8'],['https://pbs.twimg.com/media/EggmqoyUcAIImfy.jpg'],0,0,0,[],[],https://twitter.com/360SMSApp/status/1299331014922182656,False,,1,https://pbs.twimg.com/media/EggmqoyUcAIImfy.jpg,,,,,,,[],,,,
1298927097235173377,1298927097235173377,2020-08-27 15:45:27 IST,2020-08-27,15:45:27,+0530,911210972852887556,360smsapp,360 SMS App,,"ùó¢ùòÉùó≤ùóøùóµùó≤ùóÆùóøùó± @ ùó¶ùóÆùóπùó≤ùòÄùó≥ùóºùóøùó∞ùó≤ ùóüùó∂ùòÉùó≤: ùóîùòÇùòÄùòÅùóøùóÆùóπùó∂ùóÆ ùóÆùóªùó± ùó°ùó≤ùòÑ ùó≠ùó≤ùóÆùóπùóÆùóªùó±  Thanks for the shoutout, Lindsay.  ùóöùó≤ùòÅ ùòÅùóº ùó∏ùóªùóºùòÑ ùòÇùòÄ ùóØùó≤ùòÅùòÅùó≤ùóø @  https://t.co/7KdxKsPqqB   #salesforcelive  https://t.co/qCGXnWqhQM",en,[],['https://sforce.co/2YuK3H8'],['https://pbs.twimg.com/media/Ega3TjXXcAECDg7.jpg'],0,0,0,['salesforcelive'],[],https://twitter.com/360SMSApp/status/1298927097235173377,False,,1,https://pbs.twimg.com/media/Ega3TjXXcAECDg7.jpg,,,,,,,[],,,,
1298532959121809408,1298532959121809408,2020-08-26 13:39:17 IST,2020-08-26,13:39:17,+0530,911210972852887556,360smsapp,360 SMS App,,Thanks for acknowledging the work that goes behind our products and putting in a good word for us. Hearing great things like that after sustained usage means a lot &amp; we'll continue to push the bar on that standard.  Get to know us better @  https://t.co/7KdxKsxPz3  #SalesforceLive  https://t.co/2zbWnMss32,en,[],['https://sforce.co/2YuK3H8'],['https://pbs.twimg.com/media/EgVQ1t2WoAIEM9V.jpg'],0,0,1,['salesforcelive'],[],https://twitter.com/360SMSApp/status/1298532959121809408,False,,1,https://pbs.twimg.com/media/EgVQ1t2WoAIEM9V.jpg,,,,,,,[],,,,
1297944180266881025,1297944180266881025,2020-08-24 22:39:41 IST,2020-08-24,22:39:41,+0530,911210972852887556,360smsapp,360 SMS App,,"Text messages are proving to be an invaluable tool, putting meaningful information directly in the hands of the customers. Reinforcing the power of texting, here are a few exemplary features of one of the top AppExchange apps- the 360 SMS app.   Visit:  https://t.co/51Id2QjKku  https://t.co/0nYmVtUutL",en,[],['https://bit.ly/3jaKf6l'],['https://pbs.twimg.com/media/EgM5WJqWkAAY4t3.jpg'],0,2,5,[],[],https://twitter.com/360SMSApp/status/1297944180266881025,False,,1,https://pbs.twimg.com/media/EgM5WJqWkAAY4t3.jpg,,,,,,,[],,,,
1295932071097991168,1295932071097991168,2020-08-19 09:24:17 IST,2020-08-19,09:24:17,+0530,911210972852887556,360smsapp,360 SMS App,,üî¥Live-Streaming from #Salesforce Live's virtual-room now in-session. Steve R. and Moiz Johar are waiting on the other end of this post to tell you 'WHY TEXTING WORKS'.  Join them @ Salesforce Live: Australia New Zealand-  https://t.co/ln12Gv70i6  #salesforcelive  https://t.co/vWFmHgmVb5,en,[],['https://sforce.co/3h2kAvY'],['https://pbs.twimg.com/media/EfwTWAvUYAEyvl2.jpg'],0,0,0,"['salesforce', 'salesforcelive']",[],https://twitter.com/360SMSApp/status/1295932071097991168,False,,1,https://pbs.twimg.com/media/EfwTWAvUYAEyvl2.jpg,,,,,,,[],,,,
1295920592483319813,1295920592483319813,2020-08-19 08:38:40 IST,2020-08-19,08:38:40,+0530,911210972852887556,360smsapp,360 SMS App,,"üî¥Live-Streaming from Salesforce Live's virtual-room now in-session. Join Jason Edwards, MBA, PSM Nicole Edwards, and Lindsay Fairchild, MBA from Bisk Education and Sonam üåü Malhotra from 360 SMS App on the other side of this post.  Join: https://t.co/ln12Gv70i6  #salesforcelive  https://t.co/YHkcMdq7Jf",en,[],['https://sforce.co/3h2kAvY'],['https://pbs.twimg.com/media/EfwI5_VU0AA3u_0.jpg'],0,0,0,['salesforcelive'],[],https://twitter.com/360SMSApp/status/1295920592483319813,False,,1,https://pbs.twimg.com/media/EfwI5_VU0AA3u_0.jpg,,,,,,,[],,,,
1295916851256373249,1295916851256373249,2020-08-19 08:23:48 IST,2020-08-19,08:23:48,+0530,911210972852887556,360smsapp,360 SMS App,,üî¥Live-Streaming from Salesforce Live's virtual-room now in-session. Join Rinnie Sangtani and Moiz Johar from 360 SMS App to learn about Conversation Manager.  The virtual room‚Äôs right this way üè¢ - https://t.co/ln12Gv70i6  #salesforcelive  https://t.co/N3VndM7uiT,en,[],['https://sforce.co/3h2kAvY'],['https://pbs.twimg.com/media/EfwFgIzVAAAsKO1.jpg'],0,0,2,['salesforcelive'],[],https://twitter.com/360SMSApp/status/1295916851256373249,False,,1,https://pbs.twimg.com/media/EfwFgIzVAAAsKO1.jpg,,,,,,,[],,,,
1295868069063999489,1295868069063999489,2020-08-19 05:09:58 IST,2020-08-19,05:09:58,+0530,911210972852887556,360smsapp,360 SMS App,,"All buckled-up for Salesforce Live : Australia &amp; New Zealand? Don‚Äôt forget to drop by at our virtual booth when you‚Äôre at the expo.  In case you missed, Register here:  https://t.co/LPW6bgklu0  See you there!  https://t.co/9cMZSPcJf7",en,[],['https://sforce.co/33TRgUS'],['https://pbs.twimg.com/media/EfvZIomU8AAp-tn.jpg'],0,0,0,[],[],https://twitter.com/360SMSApp/status/1295868069063999489,False,,1,https://pbs.twimg.com/media/EfvZIomU8AAp-tn.jpg,,,,,,,[],,,,
1295696239086800896,1295696239086800896,2020-08-18 17:47:10 IST,2020-08-18,17:47:10,+0530,911210972852887556,360smsapp,360 SMS App,,Join us with Sonam Malhotra this Wednesday to hear HiPages tell you how it uses #Salesforce-texting in 360 SMS App to streamline the mobile workforce to connect customers.  Join us:  https://t.co/ln12Gv70i6  Register NOW:  https://t.co/LPW6bgklu0  https://t.co/3qQqHIsfGc,en,[],"['https://sforce.co/3h2kAvY', 'https://sforce.co/33TRgUS']",['https://pbs.twimg.com/media/Efs824UVAAA3qG9.jpg'],0,0,1,['salesforce'],[],https://twitter.com/360SMSApp/status/1295696239086800896,False,,1,https://pbs.twimg.com/media/Efs824UVAAA3qG9.jpg,,,,,,,[],,,,
1295695627968368641,1295695627968368641,2020-08-18 17:44:45 IST,2020-08-18,17:44:45,+0530,911210972852887556,360smsapp,360 SMS App,,Find out how Bisk uses 1-on-1 business texting with 360 SMS App to respawn the education business. Join in if you‚Äôre looking to understand how bulk &amp; conversational messaging can be used.  Visit:  https://t.co/ln12Gv70i6  Register:  https://t.co/LPW6bgklu0  https://t.co/Duo6IXNRyI,en,[],"['https://sforce.co/3h2kAvY', 'https://sforce.co/33TRgUS']",['https://pbs.twimg.com/media/Efs8TNlUcAU1gxf.jpg'],0,0,0,[],[],https://twitter.com/360SMSApp/status/1295695627968368641,False,,1,https://pbs.twimg.com/media/Efs8TNlUcAU1gxf.jpg,,,,,,,[],,,,
1295695065206022146,1295695065206022146,2020-08-18 17:42:31 IST,2020-08-18,17:42:31,+0530,911210972852887556,360smsapp,360 SMS App,,Dive into the deep end of #Salesforce-based communication with Steve R. and understand how it‚Äôs used by different functional teams through 360‚Äôs pioneering product modules.   Visit:  https://t.co/ln12Gv70i6  Register:  https://t.co/LPW6bgklu0  https://t.co/rJVU2xLIqw,en,[],"['https://sforce.co/3h2kAvY', 'https://sforce.co/33TRgUS']",['https://pbs.twimg.com/media/Efs7yc9UEAEILdX.jpg'],0,0,0,['salesforce'],[],https://twitter.com/360SMSApp/status/1295695065206022146,False,,1,https://pbs.twimg.com/media/Efs7yc9UEAEILdX.jpg,,,,,,,[],,,,
1295694477365882880,1295694477365882880,2020-08-18 17:40:10 IST,2020-08-18,17:40:10,+0530,911210972852887556,360smsapp,360 SMS App,,Tune-in to #Salesforce Live:Australia and New Zealand to hear Moiz Johar unravel just what makes the 360 SMS App a preferred one-stop stop solution for across every business engagement channel there is.   Visit:  https://t.co/ln12Gv70i6  Register:  https://t.co/LPW6bgklu0  https://t.co/LmmqbstwgX,en,[],"['https://sforce.co/3h2kAvY', 'https://sforce.co/33TRgUS']",['https://pbs.twimg.com/media/Efs7QOIUYAEt3Vy.jpg'],0,0,0,['salesforce'],[],https://twitter.com/360SMSApp/status/1295694477365882880,False,,1,https://pbs.twimg.com/media/Efs7QOIUYAEt3Vy.jpg,,,,,,,[],,,,
1295693803907461123,1295693803907461123,2020-08-18 17:37:30 IST,2020-08-18,17:37:30,+0530,911210972852887556,360smsapp,360 SMS App,,"This Wednesday, Rinnie Sangtani tells you how #Salesforce-native texting is used to automate fast responses &amp; personalization for pivoting your engagement strategy to tremendous productivity. Tune in NOW:  https://t.co/ln12Gv70i6  Register NOW:  https://t.co/LPW6bgklu0  https://t.co/qhVu6WWmAx",en,[],"['https://sforce.co/3h2kAvY', 'https://sforce.co/33TRgUS']",['https://pbs.twimg.com/media/Efs6pB4U8AEIUjE.jpg'],0,0,0,['salesforce'],[],https://twitter.com/360SMSApp/status/1295693803907461123,False,,1,https://pbs.twimg.com/media/Efs6pB4U8AEIUjE.jpg,,,,,,,[],,,,
1295590162353680385,1295590162353680385,2020-08-18 10:45:40 IST,2020-08-18,10:45:40,+0530,911210972852887556,360smsapp,360 SMS App,,"Save your spot. Only 24 hours left for registrations to close. Salesforce Live: Australia &amp; New Zealand, here we come.  Hurry Up! Register NOW:  https://t.co/LPW6bgklu0  #salesforcliveanz #360degreecloud #360smsapp #salesforceexperts #appexchange #ohana #salesforceohana  https://t.co/qrtkfG2Trd",en,[],['https://sforce.co/33TRgUS'],['https://pbs.twimg.com/media/EfrcYafUMAAblAs.jpg'],0,0,1,"['salesforcliveanz', '360degreecloud', '360smsapp', 'salesforceexperts', 'appexchange', 'ohana', 'salesforceohana']",[],https://twitter.com/360SMSApp/status/1295590162353680385,False,,1,https://pbs.twimg.com/media/EfrcYafUMAAblAs.jpg,,,,,,,[],,,,
1295070854351478784,1295070854351478784,2020-08-17 00:22:07 IST,2020-08-17,00:22:07,+0530,911210972852887556,360smsapp,360 SMS App,,"We‚Äôve participated, but it won‚Äôt be the same without you by our side.   So come on up and register for Salesforce Live: Australia &amp; New Zealand to open yourself up to new possibilities, ideas, and alliances at the expo.   Register NOW:  https://t.co/LPW6bgklu0  https://t.co/Pn6jGNDzYn",en,[],['https://sforce.co/33TRgUS'],['https://pbs.twimg.com/media/EfkEEsjUcAAXiiB.jpg'],0,1,5,[],[],https://twitter.com/360SMSApp/status/1295070854351478784,False,,1,https://pbs.twimg.com/media/EfkEEsjUcAAXiiB.jpg,,,,,,,[],,,,
1294615096665100294,1294615096665100294,2020-08-15 18:11:06 IST,2020-08-15,18:11:06,+0530,911210972852887556,360smsapp,360 SMS App,,Today the nation was free. Today our courage won. We saw the future of truth and established the framework of One Individual One Vote. 360 SMS App extends its best wishes to all.   #360degreecloud #360smsapp #independenceday #74thndependenceday #indians #nation #appexchange  https://t.co/cOovWEexsJ,en,[],[],['https://pbs.twimg.com/media/EfdlkHHUwAAkq39.jpg'],0,0,2,"['360degreecloud', '360smsapp', 'independenceday', '74thndependenceday', 'indians', 'nation', 'appexchange']",[],https://twitter.com/360SMSApp/status/1294615096665100294,False,,1,https://pbs.twimg.com/media/EfdlkHHUwAAkq39.jpg,,,,,,,[],,,,
1293891852165242882,1293891852165242882,2020-08-13 18:17:11 IST,2020-08-13,18:17:11,+0530,911210972852887556,360smsapp,360 SMS App,,Hey there Ohana.   We‚Äôre participating in Salesforce Live: Australia &amp; New Zealand this August 19th. Tag along and get up to speed on what we and the rest of the ecosystem‚Äôs been up to from indoors.  Register NOW:  https://t.co/LPW6bgklu0  https://t.co/9o7l1Tfuav,en,[],['https://sforce.co/33TRgUS'],['https://pbs.twimg.com/media/EfTTxm_VAAE7_MX.jpg'],0,0,3,[],[],https://twitter.com/360SMSApp/status/1293891852165242882,False,,1,https://pbs.twimg.com/media/EfTTxm_VAAE7_MX.jpg,,,,,,,[],,,,
1290434440175353857,1290434440175353857,2020-08-04 05:18:40 IST,2020-08-04,05:18:40,+0530,911210972852887556,360smsapp,360 SMS App,,"360SMS App serves users with Ringless Voicemail feature allowing them to send voice messages and the senders‚Äô phone number remains the same at recipients‚Äô end.  Try NOW:  https://t.co/IuWOudE9HP  https://t.co/gyHgcR3JN7",en,[],['https://bit.ly/3eJjc0c'],['https://pbs.twimg.com/media/EeiLRlZUEAAoauK.jpg'],0,0,1,[],[],https://twitter.com/360SMSApp/status/1290434440175353857,False,,1,https://pbs.twimg.com/media/EeiLRlZUEAAoauK.jpg,,,,,,,[],,,,
1289563193304440834,1289563193304440834,2020-08-01 19:36:38 IST,2020-08-01,19:36:38,+0530,911210972852887556,360smsapp,360 SMS App,,"Thinking about how to improve your coding skills?  Here are some important tips for all the coders out there. Feel free to drop your tips too in the comments section. We would truly appreciate it.  https://t.co/VspnFmez3M",en,[],[],['https://pbs.twimg.com/media/EeVy4F0VAAALud8.jpg'],0,0,2,[],[],https://twitter.com/360SMSApp/status/1289563193304440834,False,,1,https://pbs.twimg.com/media/EeVy4F0VAAALud8.jpg,,,,,,,[],,,,
1289101489668071424,1289101489668071424,2020-07-31 13:02:00 IST,2020-07-31,13:02:00,+0530,911210972852887556,360smsapp,360 SMS App,,"We‚Äôre honored.  360SMS  deeply appreciates all the attention coming our way through #Salesforce #DemoJam.   Huge thanks to all the teams that came together to make this happen - we bask in your glory.  #salesforce #demojam #demojamjuly #360smsapp #demojamwinners  https://t.co/SeBvJLFZAn",en,[],[],['https://pbs.twimg.com/media/EePO82lUYAAO4C6.jpg'],0,1,4,"['salesforce', 'demojam', 'salesforce', 'demojam', 'demojamjuly', '360smsapp', 'demojamwinners']",[],https://twitter.com/360SMSApp/status/1289101489668071424,False,,1,https://pbs.twimg.com/media/EePO82lUYAAO4C6.jpg,,,,,,,[],,,,
1287763150100508673,1287763150100508673,2020-07-27 20:23:55 IST,2020-07-27,20:23:55,+0530,911210972852887556,360smsapp,360 SMS App,,Conversation management is no more hassle now. 360 SMS App makes it feasible to manage messages effortlessly using the Conversation Manager feature.   Try NOW:  https://t.co/IuWOudE9HP  https://t.co/6kqyffGSF7,en,[],['https://bit.ly/3eJjc0c'],['https://pbs.twimg.com/media/Ed8NwPsUwAEaq6b.jpg'],0,1,2,[],[],https://twitter.com/360SMSApp/status/1287763150100508673,False,,1,https://pbs.twimg.com/media/Ed8NwPsUwAEaq6b.jpg,,,,,,,[],,,,
1287113341656326144,1287113341656326144,2020-07-26 01:21:48 IST,2020-07-26,01:21:48,+0530,911210972852887556,360smsapp,360 SMS App,,"Today‚Äôs employee is tomorrow‚Äôs employer.  Hear the most useful coding tips directly from our talented team members and enhance your coding skills in no time.  #codingbesttips #salesforce #360degreecloud #360smsapp #salesforcedev #codingpractice #tipoftheday  https://t.co/kjPHRZyedr",en,[],[],['https://pbs.twimg.com/media/Edy-v-dUcAAx90V.jpg'],0,2,1,"['codingbesttips', 'salesforce', '360degreecloud', '360smsapp', 'salesforcedev', 'codingpractice', 'tipoftheday']",[],https://twitter.com/360SMSApp/status/1287113341656326144,False,,1,https://pbs.twimg.com/media/Edy-v-dUcAAx90V.jpg,,,,,,,[],,,,
1282703621763682304,1282703621763682304,2020-07-13 21:19:09 IST,2020-07-13,21:19:09,+0530,911210972852887556,360smsapp,360 SMS App,,"We'd like to thank all the attendees for joining our webinar ‚ÄúSalesforce Summer‚Äô20 Release Notes‚Äù. In case you missed it, here's a recap:   https://t.co/LeMEMuV1af  Also, we've made every effort to record the session. Tune in NOW:  https://t.co/4vmzomOw26  https://t.co/rIkiXevkjg",en,[],"['https://bit.ly/38NuWN4', 'https://bit.ly/2DD7Op0']",[],0,1,4,[],[],https://twitter.com/360SMSApp/status/1282703621763682304,False,,1,https://pbs.twimg.com/ext_tw_video_thumb/1282703503618539521/pu/img/jzm9oyTGg5dLSuL9.jpg,,,,,,,[],,,,
1280196336214609920,1280196336214609920,2020-07-06 23:16:06 IST,2020-07-06,23:16:06,+0530,911210972852887556,360smsapp,360 SMS App,,360SMS enables you to track links sent via SMS which gives you both insights into conversions as well as additional actions. Once the link is clicked it is updated within Salesforce in real-time.   Book a meeting:  https://t.co/IuWOudE9HP  https://t.co/CGzLoRftIK,en,[],['https://bit.ly/3eJjc0c'],['https://pbs.twimg.com/media/EcQrtW4UwAEFm8g.jpg'],0,0,2,[],[],https://twitter.com/360SMSApp/status/1280196336214609920,False,,1,https://pbs.twimg.com/media/EcQrtW4UwAEFm8g.jpg,,,,,,,[],,,,
1279399331045376000,1279399331045376000,2020-07-04 18:29:05 IST,2020-07-04,18:29:05,+0530,911210972852887556,360smsapp,360 SMS App,,"Story of Independence isn't something that occurs and afterward, we simply set it aside. It's something that we need to battle for EACH AND EVERY DAY.  Happy 4th of July!   #usindependenceday #4thjuly #independence #360smsapp #360degreecloud #salesforce #salesforcecrm  https://t.co/SPYt5VNmzR",en,[],[],['https://pbs.twimg.com/media/EcFW4PFVcAEAtui.jpg'],0,1,0,"['usindependenceday', '4thjuly', 'independence', '360smsapp', '360degreecloud', 'salesforce', 'salesforcecrm']",[],https://twitter.com/360SMSApp/status/1279399331045376000,False,,1,https://pbs.twimg.com/media/EcFW4PFVcAEAtui.jpg,,,,,,,[],,,,
1277951857000763392,1277951857000763392,2020-06-30 18:37:20 IST,2020-06-30,18:37:20,+0530,911210972852887556,360smsapp,360 SMS App,,"The education industry is one of the most important sectors having a huge database to maintain, sending messages to batches can be difficult, so that you can work efficiently and productively, we bring to you Drip Campaign.  Try NOW:  https://t.co/IuWOudE9HP  https://t.co/HYiLI36z26",en,[],['https://bit.ly/3eJjc0c'],['https://pbs.twimg.com/media/Ebwx27uUMAM8xmc.jpg'],0,0,1,[],[],https://twitter.com/360SMSApp/status/1277951857000763392,False,,1,https://pbs.twimg.com/media/Ebwx27uUMAM8xmc.jpg,,,,,,,[],,,,
1277857789189087233,1277857789189087233,2020-06-30 12:23:33 IST,2020-06-30,12:23:33,+0530,911210972852887556,360smsapp,360 SMS App,,"We asked Suresh Chander from our Team to give his best advice for someone who wants to enhance their coding skills, and this is what he has to say.  #codingbesttips #salesforce #360degreecloud #360smsapp #salesforcedev #codingpractice #tipoftheday#codingbesttips #salesforce  https://t.co/cdlPRjrI16",en,[],[],['https://pbs.twimg.com/media/EbvcyylUwAACZ7g.jpg'],0,1,4,"['codingbesttips', 'salesforce', '360degreecloud', '360smsapp', 'salesforcedev', 'codingpractice', 'salesforce']",[],https://twitter.com/360SMSApp/status/1277857789189087233,False,,1,https://pbs.twimg.com/media/EbvcyylUwAACZ7g.jpg,,,,,,,[],,,,
1277504308687155200,1277504308687155200,2020-06-29 12:58:56 IST,2020-06-29,12:58:56,+0530,911210972852887556,360smsapp,360 SMS App,,"She is Nancy Chhattwal from our Team, she shares her best advice to enlighten the knowledge of all the coders out there.   #codingbesttips #salesforce #360degreecloud #360smsapp #salesforcedev #codingpractice #tipoftheday  https://t.co/krLcocJXDz",en,[],[],['https://pbs.twimg.com/media/EbqbYcXVcAA5dlb.jpg'],0,1,3,"['codingbesttips', 'salesforce', '360degreecloud', '360smsapp', 'salesforcedev', 'codingpractice', 'tipoftheday']",[],https://twitter.com/360SMSApp/status/1277504308687155200,False,,1,https://pbs.twimg.com/media/EbqbYcXVcAA5dlb.jpg,,,,,,,[],,,,
1276431763108065280,1276431763108065280,2020-06-26 13:57:01 IST,2020-06-26,13:57:01,+0530,911210972852887556,360smsapp,360 SMS App,,Meet Kundan Kumar Jha from our Team. He shares his best advice which you can use to enhance your coding skills.  #codingbesttips #salesforce #360degreecloud #360smsapp #salesforcedev #codingpractice #tipoftheday #codingadvice  https://t.co/iUiULEGK3D,en,[],[],['https://pbs.twimg.com/media/EbbL4A8UMAAHAJI.jpg'],0,4,7,"['codingbesttips', 'salesforce', '360degreecloud', '360smsapp', 'salesforcedev', 'codingpractice', 'tipoftheday', 'codingadvice']",[],https://twitter.com/360SMSApp/status/1276431763108065280,False,,1,https://pbs.twimg.com/media/EbbL4A8UMAAHAJI.jpg,,,,,,,[],,,,
1275677834099515395,1275677834099515395,2020-06-24 12:01:11 IST,2020-06-24,12:01:11,+0530,911210972852887556,360smsapp,360 SMS App,,"In the Mortgage industry, one constantly feels the pressure to find more efficient ways to acquire and process loans.  One of the best ways to cut-down these issues and increase the company's revenue is iText, a feature of 360 SMS APP.  https://t.co/mTVQ054OwJ",en,[],[],['https://pbs.twimg.com/media/EbQeH1TXgAcfZiy.jpg'],0,0,0,[],[],https://twitter.com/360SMSApp/status/1275677834099515395,False,,1,https://pbs.twimg.com/media/EbQeH1TXgAcfZiy.jpg,,,,,,,[],,,,
1275046511479406592,1275046511479406592,2020-06-22 18:12:32 IST,2020-06-22,18:12:32,+0530,911210972852887556,360smsapp,360 SMS App,,360 SMS App's Conversational one-on-one texting allows outbound and inbound texting services (SMS and MMS) from within your  https://t.co/8vkyXlH7O3 platform. Check out some of its advantages.  https://t.co/zC1wnYNwSr,en,[],['http://Salesforce.com'],['https://pbs.twimg.com/media/EbHf8J4UEAApGUp.jpg'],0,1,4,[],[],https://twitter.com/360SMSApp/status/1275046511479406592,False,,1,https://pbs.twimg.com/media/EbHf8J4UEAApGUp.jpg,,,,,,,[],,,,
1273512534608244736,1273512534608244736,2020-06-18 12:37:03 IST,2020-06-18,12:37:03,+0530,911210972852887556,360smsapp,360 SMS App,,We believe the dedication of our employees is imperative for the growth of our company. Know that it is recognized and greatly appreciated.  #salesforce #appreciationpost #salesforcecertified #copado #isvpartner #salesforceadmin #salesforcecertification #kudos #dedication  https://t.co/jkyGWv08Bk,en,[],[],['https://pbs.twimg.com/media/Eaxs35FUcAA8O2i.jpg'],0,2,15,"['salesforce', 'appreciationpost', 'salesforcecertified', 'copado', 'isvpartner', 'salesforceadmin', 'salesforcecertification', 'kudos', 'dedication']",[],https://twitter.com/360SMSApp/status/1273512534608244736,False,,1,https://pbs.twimg.com/media/Eaxs35FUcAA8O2i.jpg,,,,,,,[],,,,
1269248648333975555,1269248648333975555,2020-06-06 18:13:53 IST,2020-06-06,18:13:53,+0530,911210972852887556,360smsapp,360 SMS App,,"June 6th is D-Day, today we honor the bravery and courage of our soldiers that stormed the beaches of Normandy coast. Our debt to our heroes in the service of the country never repaid, they have earned for us.  #salesforce #360smsapp #360degreecloud #DDay76 #normandy  https://t.co/rLIj4AH7id",en,[],[],['https://pbs.twimg.com/media/EZ1Gqs4WoAA5gT_.jpg'],0,2,3,"['salesforce', '360smsapp', '360degreecloud', 'dday76', 'normandy']",[],https://twitter.com/360SMSApp/status/1269248648333975555,False,,1,https://pbs.twimg.com/media/EZ1Gqs4WoAA5gT_.jpg,,,,,,,[],,,,
1268811274403667969,1268811274403667969,2020-06-05 13:15:55 IST,2020-06-05,13:15:55,+0530,911210972852887556,360smsapp,360 SMS App,,"On World Environment Day let‚Äôs pay tribute to the reason for insurance and preservation of flora, fauna, and our environment. Let us all make the change.  #worldenvironmentday #saveenvironment #360degreecloud #360smsapp #environment #smsmarketing #textmessaging #appexchange  https://t.co/oXJ8ZgwwhY",en,[],[],['https://pbs.twimg.com/media/EZu5CFZWkAIqM5V.jpg'],0,1,6,"['worldenvironmentday', 'saveenvironment', '360degreecloud', '360smsapp', 'environment', 'smsmarketing', 'textmessaging', 'appexchange']",[],https://twitter.com/360SMSApp/status/1268811274403667969,False,,1,https://pbs.twimg.com/media/EZu5CFZWkAIqM5V.jpg,,,,,,,[],,,,
1267366903623843840,1267366903623843840,2020-06-01 13:36:31 IST,2020-06-01,13:36:31,+0530,911210972852887556,360smsapp,360 SMS App,,A huge congratulations on achieving this significant milestone and best wishes to each of you for continued success.  #salesforce #360degreecloud #salesforcecertified #salesforceadministrator #copado #360cloudian #360smsapp #teamsuccess  https://t.co/dVWnvyci86,en,[],[],['https://pbs.twimg.com/media/EZaXdQ2WsAEJuhX.jpg'],0,1,6,"['salesforce', '360degreecloud', 'salesforcecertified', 'salesforceadministrator', 'copado', '360cloudian', '360smsapp', 'teamsuccess']",[],https://twitter.com/360SMSApp/status/1267366903623843840,False,,1,https://pbs.twimg.com/media/EZaXdQ2WsAEJuhX.jpg,,,,,,,[],,,,
1265913284902957057,1265913284902957057,2020-05-28 13:20:21 IST,2020-05-28,13:20:21,+0530,911210972852887556,360smsapp,360 SMS App,,"Marking the start of a newfound partnership, we at 360 SMS App are thrilled to announce that we‚Äôre joining forces with CEPTES, Bangalore.  To new beginnings.  #salesforce #ceptes #partnership #appexchange #announcements #salesforcenews #partnershipnews #360smsapp #newbeginning  https://t.co/xSxQKrDCDV",en,[],[],['https://pbs.twimg.com/media/EZFtQnWWkAE3O4u.jpg'],0,1,7,"['salesforce', 'ceptes', 'partnership', 'appexchange', 'announcements', 'salesforcenews', 'partnershipnews', '360smsapp', 'newbeginning']",[],https://twitter.com/360SMSApp/status/1265913284902957057,False,,1,https://pbs.twimg.com/media/EZFtQnWWkAE3O4u.jpg,,,,,,,[],,,,
1265512742905098240,1265512742905098240,2020-05-27 10:48:44 IST,2020-05-27,10:48:44,+0530,911210972852887556,360smsapp,360 SMS App,,Nothing makes us happier than helping to enable our clients‚Äô happiness. üòÑ  #salesforce #salesforcepartner #salesforcecrm #360smsapp #customerreviews #customerservice #customersatisfaction #textmessaging #smsmarketing #happycustomers  https://t.co/m4F2y4NoP8,en,[],[],['https://pbs.twimg.com/media/EZABEkgWkAEbLuW.jpg'],0,2,5,"['salesforce', 'salesforcepartner', 'salesforcecrm', '360smsapp', 'customerreviews', 'customerservice', 'customersatisfaction', 'textmessaging', 'smsmarketing', 'happycustomers']",[],https://twitter.com/360SMSApp/status/1265512742905098240,False,,1,https://pbs.twimg.com/media/EZABEkgWkAEbLuW.jpg,,,,,,,[],,,,
1264851127151067138,1264851127151067138,2020-05-25 14:59:43 IST,2020-05-25,14:59:43,+0530,911210972852887556,360smsapp,360 SMS App,,"As Ramadan draws to close, we wish you and your family back home a warm Eid Mubarak. We hope this Eid's moon brings with it mirth and prosperity to fill your homes once again.  #eidmubarak  #eid2020  #eidalfitr #eid  #360degreecloud #360smsapp  #greetings  #crm  #salesforce  https://t.co/DHdp9rjwd1",en,[],[],['https://pbs.twimg.com/media/EY2nXgOXkAALCis.jpg'],0,1,4,"['eidmubarak', 'eid2020', 'eidalfitr', 'eid', '360degreecloud', '360smsapp', 'greetings', 'crm', 'salesforce']",[],https://twitter.com/360SMSApp/status/1264851127151067138,False,,1,https://pbs.twimg.com/media/EY2nXgOXkAALCis.jpg,,,,,,,[],,,,
