id,conversation_id,created_at,date,time,timezone,user_id,username,name,place,tweet,language,mentions,urls,photos,replies_count,retweets_count,likes_count,hashtags,cashtags,link,retweet,quote_url,video,thumbnail,near,geo,source,user_rt_id,user_rt,retweet_id,reply_to,retweet_date,translate,trans_src,trans_dest
1385355225456910343,1385286059936866314,2021-04-23 03:39:59 IST,2021-04-23,03:39:59,+0530,6472982,rkhanna,Rishi Khanna,,@KinseyGrant @Larkmead Larkmead is amazing! Cc @danmaccarone,en,"[{'screen_name': 'danmaccarone', 'name': 'danmaccarone', 'id': '15395679'}]",[],[],1,0,0,[],[],https://twitter.com/rkhanna/status/1385355225456910343,False,,0,,,,,,,,"[{'screen_name': 'KinseyGrant', 'name': 'Kinsey Grant', 'id': '871748320217223169'}, {'screen_name': 'Larkmead', 'name': 'Larkmead Vineyards', 'id': '105067108'}]",,,,
1384686655534211073,1384581624600305664,2021-04-21 07:23:19 IST,2021-04-21,07:23:19,+0530,6472982,rkhanna,Rishi Khanna,,"@polotek Hard disagree. Unless you‚Äôre a part of the judiciary branch, opine away. And I expect a president to take a clear and firm stand on this.",en,[],[],[],0,0,0,[],[],https://twitter.com/rkhanna/status/1384686655534211073,False,,0,,,,,,,,"[{'screen_name': 'polotek', 'name': 'Marco Rogers', 'id': '20079975'}]",,,,
1384684787269574659,1384684787269574659,2021-04-21 07:15:54 IST,2021-04-21,07:15:54,+0530,6472982,rkhanna,Rishi Khanna,,W.T.F.  The work is not done.,en,[],[],[],1,0,1,[],[],https://twitter.com/rkhanna/status/1384684787269574659,False,https://twitter.com/breenewsome/status/1384664834650918912,0,,,,,,,,[],,,,
1384670486156693504,1384670486156693504,2021-04-21 06:19:04 IST,2021-04-21,06:19:04,+0530,6472982,rkhanna,Rishi Khanna,,A terrific thread üëáüèΩüëáüèΩüëáüèΩ,en,[],[],[],0,0,1,[],[],https://twitter.com/rkhanna/status/1384670486156693504,False,https://twitter.com/polotek/status/1384666484585033731,0,,,,,,,,[],,,,
1384338840312328193,1384328811144093698,2021-04-20 08:21:13 IST,2021-04-20,08:21:13,+0530,6472982,rkhanna,Rishi Khanna,,@sairarahman @subzeroyields Bedekar‚Äôs is the go to brand!,en,[],[],[],1,0,2,[],[],https://twitter.com/rkhanna/status/1384338840312328193,False,,0,,,,,,,,"[{'screen_name': 'sairarahman', 'name': 'saira', 'id': '44504252'}, {'screen_name': 'subzeroyields', 'name': 'wocky slush', 'id': '1259579941135548424'}]",,,,
1384335506536898562,1384328811144093698,2021-04-20 08:07:59 IST,2021-04-20,08:07:59,+0530,6472982,rkhanna,Rishi Khanna,,@sairarahman @subzeroyields  https://t.co/vGzwXYWg0b,und,[],[],['https://pbs.twimg.com/tweet_video_thumb/EzYlzbQXEAQq815.jpg'],1,0,2,[],[],https://twitter.com/rkhanna/status/1384335506536898562,False,,1,https://pbs.twimg.com/tweet_video_thumb/EzYlzbQXEAQq815.jpg,,,,,,,"[{'screen_name': 'sairarahman', 'name': 'saira', 'id': '44504252'}]",,,,
1384335193515905024,1384335193515905024,2021-04-20 08:06:44 IST,2021-04-20,08:06:44,+0530,6472982,rkhanna,Rishi Khanna,,This is a terrific thread on the importance of capital allocation skills &amp; luck of a CEO.,en,[],[],[],0,0,9,[],[],https://twitter.com/rkhanna/status/1384335193515905024,False,https://twitter.com/wquist/status/1384166761935695872,0,,,,,,,,[],,,,
1384310322249584640,1384172930746126343,2021-04-20 06:27:54 IST,2021-04-20,06:27:54,+0530,6472982,rkhanna,Rishi Khanna,,@sairarahman @Melt_Dem @fold_app 9% rewards on Dominos! Does @MeganPurcell20 know about this? ü§™,en,"[{'screen_name': 'meganpurcell20', 'name': 'megan mcshane purcell', 'id': '1291473490390835201'}]",[],[],1,0,2,[],[],https://twitter.com/rkhanna/status/1384310322249584640,False,,0,,,,,,,,"[{'screen_name': 'sairarahman', 'name': 'saira', 'id': '44504252'}, {'screen_name': 'Melt_Dem', 'name': 'Meltem Demirors', 'id': '2363290915'}, {'screen_name': 'fold_app', 'name': 'Fold ü•è', 'id': '2561575478'}]",,,,
1383206849579737092,1383201145120690176,2021-04-17 05:23:06 IST,2021-04-17,05:23:06,+0530,6472982,rkhanna,Rishi Khanna,,@janamal So you‚Äôre saying go long Doge!,en,[],[],[],0,0,0,[],[],https://twitter.com/rkhanna/status/1383206849579737092,False,,0,,,,,,,,"[{'screen_name': 'janamal', 'name': 'Jana Messerschmidt üá∫üá∏', 'id': '15526110'}]",,,,
1382835735074594819,1382819889765699585,2021-04-16 04:48:25 IST,2021-04-16,04:48:25,+0530,6472982,rkhanna,Rishi Khanna,,@coloradoriley @PoolsideFM  https://t.co/yVOITfYq0w,und,[],[],['https://pbs.twimg.com/tweet_video_thumb/EzDRwB5WEAADHKw.jpg'],1,0,1,[],[],https://twitter.com/rkhanna/status/1382835735074594819,False,,1,https://pbs.twimg.com/tweet_video_thumb/EzDRwB5WEAADHKw.jpg,,,,,,,"[{'screen_name': 'coloradoriley', 'name': 'Riley Rosenberger', 'id': '634266450'}]",,,,
1382835571039612930,1382819889765699585,2021-04-16 04:47:46 IST,2021-04-16,04:47:46,+0530,6472982,rkhanna,Rishi Khanna,,@coloradoriley @PoolsideFM If backgammon is the game. You‚Äôre on!,en,[],[],[],0,0,1,[],[],https://twitter.com/rkhanna/status/1382835571039612930,False,,0,,,,,,,,"[{'screen_name': 'coloradoriley', 'name': 'Riley Rosenberger', 'id': '634266450'}, {'screen_name': 'PoolsideFM', 'name': 'poolside.fm', 'id': '2319999667'}]",,,,
1382080531127488512,1382073811860922370,2021-04-14 02:47:31 IST,2021-04-14,02:47:31,+0530,6472982,rkhanna,Rishi Khanna,,@nihalmehta @kunalmerchant I feel like we should all be out at a celebratory lunch that day or something!,en,[],[],[],1,0,3,[],[],https://twitter.com/rkhanna/status/1382080531127488512,False,,0,,,,,,,,"[{'screen_name': 'nihalmehta', 'name': 'nihal', 'id': '9413702'}, {'screen_name': 'kunalmerchant', 'name': 'Kunal Merchant', 'id': '17140774'}]",,,,
1381829079222120451,1381819308100120577,2021-04-13 10:08:20 IST,2021-04-13,10:08:20,+0530,6472982,rkhanna,Rishi Khanna,,@howardlindzon 2.2,und,[],[],[],1,0,3,[],[],https://twitter.com/rkhanna/status/1381829079222120451,False,,0,,,,,,,,"[{'screen_name': 'howardlindzon', 'name': 'SPAC Lindzon', 'id': '7517052'}]",,,,
1380624477717946372,1380618956134834181,2021-04-10 02:21:40 IST,2021-04-10,02:21:40,+0530,6472982,rkhanna,Rishi Khanna,,"@LizSimmie @rsosa8 @HFPR Yeah. Didn‚Äôt mean to imply a HF couldn‚Äôt blow up this way either. The problem lies with the instrument and the PBs IMO ... don‚Äôt hate the player, hate the game :)",en,[],[],[],1,0,4,[],[],https://twitter.com/rkhanna/status/1380624477717946372,False,,0,,,,,,,,"[{'screen_name': 'LizSimmie', 'name': 'Liz Simmie', 'id': '593002564'}, {'screen_name': 'rsosa8', 'name': 'Richard Sosa', 'id': '36419649'}, {'screen_name': 'HFPR', 'name': 'Mitch Ackles', 'id': '32949165'}]",,,,
1380621535824777220,1380618956134834181,2021-04-10 02:09:59 IST,2021-04-10,02:09:59,+0530,6472982,rkhanna,Rishi Khanna,,@LizSimmie @rsosa8 @HFPR Reporting requirements and whose capital is lost.,en,[],[],[],1,0,4,[],[],https://twitter.com/rkhanna/status/1380621535824777220,False,,0,,,,,,,,"[{'screen_name': 'LizSimmie', 'name': 'Liz Simmie', 'id': '593002564'}, {'screen_name': 'rsosa8', 'name': 'Richard Sosa', 'id': '36419649'}, {'screen_name': 'HFPR', 'name': 'Mitch Ackles', 'id': '32949165'}]",,,,
1379605055599443968,1379605055599443968,2021-04-07 06:50:51 IST,2021-04-07,06:50:51,+0530,6472982,rkhanna,Rishi Khanna,,Is there a way to see the price history for a Creator Coin on @Bitclout_? Only showing current price is kinda opaque.,en,"[{'screen_name': 'bitclout_', 'name': 'bitclout', 'id': '1372293795442663425'}]",[],[],3,0,2,[],[],https://twitter.com/rkhanna/status/1379605055599443968,False,,0,,,,,,,,[],,,,
1379595838872240128,1379573113248157702,2021-04-07 06:14:14 IST,2021-04-07,06:14:14,+0530,6472982,rkhanna,Rishi Khanna,,@ramahluwalia @TheStalwart I just learned about DAO world (which really throws me off as an acronym from my Java programming days in late 90s early 00s üòÇ),en,[],[],[],1,0,0,[],[],https://twitter.com/rkhanna/status/1379595838872240128,False,,0,,,,,,,,"[{'screen_name': 'ramahluwalia', 'name': 'Ram Ahluwalia, CFA', 'id': '16861509'}, {'screen_name': 'TheStalwart', 'name': 'Joe Weisenthal', 'id': '14096763'}]",,,,
1379595274541228037,1379573113248157702,2021-04-07 06:11:59 IST,2021-04-07,06:11:59,+0530,6472982,rkhanna,Rishi Khanna,,"@ramahluwalia @TheStalwart Yeh, def more maturity needed in tooling and tech. But I was more getting at the equivalency question and then, from there, what can you do in DeFi that you can‚Äôt in TradFi. In set theory, is one a superset of the other? Or are these just intersecting sets?",en,[],[],[],1,0,0,[],[],https://twitter.com/rkhanna/status/1379595274541228037,False,,0,,,,,,,,"[{'screen_name': 'ramahluwalia', 'name': 'Ram Ahluwalia, CFA', 'id': '16861509'}, {'screen_name': 'TheStalwart', 'name': 'Joe Weisenthal', 'id': '14096763'}]",,,,
1379594520422125568,1379573113248157702,2021-04-07 06:08:59 IST,2021-04-07,06:08:59,+0530,6472982,rkhanna,Rishi Khanna,,@DWilps @TheStalwart Not saying you would always pick DeFi. But COULD you? Structurally seems like you can create any contract in DeFi (tools may not be there today) so equivalency is there. But the real value is in the things that can‚Äôt be done efficiently/well in TradFi.,en,[],[],[],1,0,0,[],[],https://twitter.com/rkhanna/status/1379594520422125568,False,,0,,,,,,,,"[{'screen_name': 'DWilps', 'name': 'Dan Wilpon', 'id': '82000763'}, {'screen_name': 'TheStalwart', 'name': 'Joe Weisenthal', 'id': '14096763'}]",,,,
1379588251779014656,1379573113248157702,2021-04-07 05:44:05 IST,2021-04-07,05:44:05,+0530,6472982,rkhanna,Rishi Khanna,,@TheStalwart Maybe think about it differently? Can you do everything you can do in TradFi in DeFi? Can you do everything you can do in DeFi in TradFi? Why would you pick one over the other given a choice.,en,[],[],[],2,0,2,[],[],https://twitter.com/rkhanna/status/1379588251779014656,False,,0,,,,,,,,"[{'screen_name': 'TheStalwart', 'name': 'Joe Weisenthal', 'id': '14096763'}]",,,,
1379566686433579013,1379541630198353925,2021-04-07 04:18:23 IST,2021-04-07,04:18:23,+0530,6472982,rkhanna,Rishi Khanna,,@katieeperry @ronadler  https://t.co/hZREQ5xvpA,und,[],[],['https://pbs.twimg.com/tweet_video_thumb/EyU0lfuWYAElys_.jpg'],1,0,1,[],[],https://twitter.com/rkhanna/status/1379566686433579013,False,,1,https://pbs.twimg.com/tweet_video_thumb/EyU0lfuWYAElys_.jpg,,,,,,,"[{'screen_name': 'katieeperry', 'name': 'Katie Perry', 'id': '17246902'}]",,,,
1379560899372056582,1379554268945002505,2021-04-07 03:55:24 IST,2021-04-07,03:55:24,+0530,6472982,rkhanna,Rishi Khanna,,@sairarahman  https://t.co/p8ozTFFiMJ,und,[],[],['https://pbs.twimg.com/tweet_video_thumb/EyUvUqIWQAQPsna.jpg'],0,0,1,[],[],https://twitter.com/rkhanna/status/1379560899372056582,False,,1,https://pbs.twimg.com/tweet_video_thumb/EyUvUqIWQAQPsna.jpg,,,,,,,[],,,,
1379522692945166339,1379491847471513606,2021-04-07 01:23:34 IST,2021-04-07,01:23:34,+0530,6472982,rkhanna,Rishi Khanna,,@nairbv @LizSimmie @adamcdonaldson @novuspartners Was gonna suggest Novus as well (I co-founded it - but not involved anymore - so I‚Äôm biased). Hey Brian!,en,[],[],[],1,0,4,[],[],https://twitter.com/rkhanna/status/1379522692945166339,False,,0,,,,,,,,"[{'screen_name': 'nairbv', 'name': 'Brian Vaughan, CFA', 'id': '20896154'}, {'screen_name': 'LizSimmie', 'name': 'Liz Simmie', 'id': '593002564'}, {'screen_name': 'adamcdonaldson', 'name': 'Adam Donaldson', 'id': '1150999544060096513'}, {'screen_name': 'novuspartners', 'name': 'Novus', 'id': '474124762'}]",,,,
1379451529585954824,1379414083833843713,2021-04-06 20:40:48 IST,2021-04-06,20:40:48,+0530,6472982,rkhanna,Rishi Khanna,,@ROIChristie @juliaccarreon I got flu like symptoms after about 12 hours that lasted a day. And of course a sore arm. But it‚Äôs sunny here on the other side!,en,[],[],[],1,0,8,[],[],https://twitter.com/rkhanna/status/1379451529585954824,False,,0,,,,,,,,"[{'screen_name': 'ROIChristie', 'name': 'Christie Hamilton', 'id': '15880024'}, {'screen_name': 'juliaccarreon', 'name': 'Julia C Carreon', 'id': '964267834418302977'}]",,,,
1379164013905338370,1379153903011438593,2021-04-06 01:38:19 IST,2021-04-06,01:38:19,+0530,6472982,rkhanna,Rishi Khanna,,@nihalmehta @tejpaul Mandisa and I got our J&amp;J this past weekend! Woo hoo!,en,[],[],[],0,0,3,[],[],https://twitter.com/rkhanna/status/1379164013905338370,False,,0,,,,,,,,"[{'screen_name': 'nihalmehta', 'name': 'nihal', 'id': '9413702'}, {'screen_name': 'tejpaul', 'name': 'Tejpaul Bhatia', 'id': '22721366'}]",,,,
1378764865574174725,1378759142790164482,2021-04-04 23:12:14 IST,2021-04-04,23:12:14,+0530,6472982,rkhanna,Rishi Khanna,,@MeganPurcell20 ü§Ø  https://t.co/jJXinf7tZT,und,[],[],['https://pbs.twimg.com/tweet_video_thumb/EyJbVdEWQAcxra4.jpg'],0,0,1,[],[],https://twitter.com/rkhanna/status/1378764865574174725,False,,1,https://pbs.twimg.com/tweet_video_thumb/EyJbVdEWQAcxra4.jpg,,,,,,,"[{'screen_name': 'MeganPurcell20', 'name': 'Megan McShane Purcell', 'id': '1291473490390835201'}]",,,,
1378763743312629760,1378762283929624581,2021-04-04 23:07:47 IST,2021-04-04,23:07:47,+0530,6472982,rkhanna,Rishi Khanna,,"@coloradoriley @sairarahman Oooh, you spent some time to make that rhyme",en,[],[],[],1,0,4,[],[],https://twitter.com/rkhanna/status/1378763743312629760,False,,0,,,,,,,,"[{'screen_name': 'coloradoriley', 'name': 'Riley Rosenberger', 'id': '634266450'}, {'screen_name': 'sairarahman', 'name': 'saira', 'id': '44504252'}]",,,,
1378093587754221569,1378093145192345607,2021-04-03 02:44:49 IST,2021-04-03,02:44:49,+0530,6472982,rkhanna,Rishi Khanna,,@AdamLiebman @zed_run  https://t.co/hHCAuJqBJx,und,[],[],['https://pbs.twimg.com/tweet_video_thumb/Ex_4z7_WgAEo5Xx.jpg'],0,0,0,[],[],https://twitter.com/rkhanna/status/1378093587754221569,False,,1,https://pbs.twimg.com/tweet_video_thumb/Ex_4z7_WgAEo5Xx.jpg,,,,,,,"[{'screen_name': 'AdamLiebman', 'name': 'Adam Liebman', 'id': '20955071'}]",,,,
1377661952965681152,1377629204624371718,2021-04-01 22:09:39 IST,2021-04-01,22:09:39,+0530,6472982,rkhanna,Rishi Khanna,,"@swansit @KinseyGrant @bizcasualpod Wait! Swan, you're taking over Biz Casual! Yay, congrats! We really are overdue for a catch up dinner. Texting you.",en,[],[],[],0,0,1,[],[],https://twitter.com/rkhanna/status/1377661952965681152,False,,0,,,,,,,,"[{'screen_name': 'swansit', 'name': 'Swan Sit', 'id': '270445077'}, {'screen_name': 'KinseyGrant', 'name': 'Kinsey Grant', 'id': '871748320217223169'}, {'screen_name': 'bizcasualpod', 'name': 'Business Casual', 'id': '1167528428683350018'}]",,,,
1377423397693521921,1376893277740404736,2021-04-01 06:21:43 IST,2021-04-01,06:21:43,+0530,6472982,rkhanna,Rishi Khanna,,"@mattcharris Agreed on this case. But what we have sorely needed since 2008 is systemic protection against leverage (and their cousin, derivatives). If the government will backstop bad bets systematically, then the leverage that causes that should have a cost.",en,[],[],[],0,0,0,[],[],https://twitter.com/rkhanna/status/1377423397693521921,False,,0,,,,,,,,"[{'screen_name': 'mattcharris', 'name': 'Matt Harris', 'id': '19660469'}]",,,,
1377407034556096512,1377381849106898946,2021-04-01 05:16:42 IST,2021-04-01,05:16:42,+0530,6472982,rkhanna,Rishi Khanna,,@RampCapitalLLC @DeadCaitBounce @TR401 @TheFrugalBanker @Onrampinvest Let‚Äôs pair that with some pulled pork from @TheFrugalBanker and a good beer or 4.,en,"[{'screen_name': 'thefrugalbanker', 'name': 'the frugal banker', 'id': '1167890967250251776'}]",[],[],1,0,4,[],[],https://twitter.com/rkhanna/status/1377407034556096512,False,,0,,,,,,,,"[{'screen_name': 'RampCapitalLLC', 'name': 'Ramp Capital', 'id': '2214652482'}, {'screen_name': 'DeadCaitBounce', 'name': 'Caitlin Cook', 'id': '2200452385'}, {'screen_name': 'TR401', 'name': 'Tyrone V. Ross Jr.', 'id': '16262361'}, {'screen_name': 'TheFrugalBanker', 'name': 'The Frugal Banker', 'id': '1167890967250251776'}, {'screen_name': 'Onrampinvest', 'name': 'Onramp Invest', 'id': '1017212128149663750'}]",,,,
1377405843969253376,1377381849106898946,2021-04-01 05:11:58 IST,2021-04-01,05:11:58,+0530,6472982,rkhanna,Rishi Khanna,,@RampCapitalLLC @DeadCaitBounce @TR401 @TheFrugalBanker @Onrampinvest I love a good brussel sprouts and fully endorse the balsamic honey glazed with bacon! Preferably roasted in a cast iron.,en,[],[],[],2,0,9,[],[],https://twitter.com/rkhanna/status/1377405843969253376,False,,0,,,,,,,,"[{'screen_name': 'RampCapitalLLC', 'name': 'Ramp Capital', 'id': '2214652482'}, {'screen_name': 'DeadCaitBounce', 'name': 'Caitlin Cook', 'id': '2200452385'}, {'screen_name': 'TR401', 'name': 'Tyrone V. Ross Jr.', 'id': '16262361'}, {'screen_name': 'TheFrugalBanker', 'name': 'The Frugal Banker', 'id': '1167890967250251776'}, {'screen_name': 'Onrampinvest', 'name': 'Onramp Invest', 'id': '1017212128149663750'}]",,,,
1377404894995345408,1377381849106898946,2021-04-01 05:08:12 IST,2021-04-01,05:08:12,+0530,6472982,rkhanna,Rishi Khanna,,"@TR401 @TheFrugalBanker @Onrampinvest @DeadCaitBounce Lol! Clearly we will be doing pizza, pasta and steak. Nothin but love!",en,[],[],[],1,0,3,[],[],https://twitter.com/rkhanna/status/1377404894995345408,False,,0,,,,,,,,"[{'screen_name': 'TR401', 'name': 'Tyrone V. Ross Jr.', 'id': '16262361'}, {'screen_name': 'TheFrugalBanker', 'name': 'The Frugal Banker', 'id': '1167890967250251776'}, {'screen_name': 'Onrampinvest', 'name': 'Onramp Invest', 'id': '1017212128149663750'}, {'screen_name': 'DeadCaitBounce', 'name': 'Caitlin Cook', 'id': '2200452385'}]",,,,
1377403551022870532,1377381849106898946,2021-04-01 05:02:52 IST,2021-04-01,05:02:52,+0530,6472982,rkhanna,Rishi Khanna,,@TR401 @TheFrugalBanker @Onrampinvest @DeadCaitBounce Does seafood include sushi? Asking for a concerned citizen.,en,[],[],[],1,0,2,[],[],https://twitter.com/rkhanna/status/1377403551022870532,False,,0,,,,,,,,"[{'screen_name': 'TR401', 'name': 'Tyrone V. Ross Jr.', 'id': '16262361'}, {'screen_name': 'TheFrugalBanker', 'name': 'The Frugal Banker', 'id': '1167890967250251776'}, {'screen_name': 'Onrampinvest', 'name': 'Onramp Invest', 'id': '1017212128149663750'}, {'screen_name': 'DeadCaitBounce', 'name': 'Caitlin Cook', 'id': '2200452385'}]",,,,
1377402844727287811,1377381849106898946,2021-04-01 05:00:03 IST,2021-04-01,05:00:03,+0530,6472982,rkhanna,Rishi Khanna,,@TheFrugalBanker @Onrampinvest @TR401 @DeadCaitBounce Clearly Taco Tuesday‚Äôs won‚Äôt be a thing. Sad. üòÇ,en,[],[],[],1,0,8,[],[],https://twitter.com/rkhanna/status/1377402844727287811,False,,0,,,,,,,,"[{'screen_name': 'TheFrugalBanker', 'name': 'The Frugal Banker', 'id': '1167890967250251776'}, {'screen_name': 'Onrampinvest', 'name': 'Onramp Invest', 'id': '1017212128149663750'}, {'screen_name': 'TR401', 'name': 'Tyrone V. Ross Jr.', 'id': '16262361'}, {'screen_name': 'DeadCaitBounce', 'name': 'Caitlin Cook', 'id': '2200452385'}]",,,,
1375557970457726986,1375556754193403904,2021-03-27 02:49:11 IST,2021-03-27,02:49:11,+0530,6472982,rkhanna,Rishi Khanna,,@samfjacobs It‚Äôs a difficult sacrifice üòÇ,en,[],[],[],0,0,0,[],[],https://twitter.com/rkhanna/status/1375557970457726986,False,,0,,,,,,,,"[{'screen_name': 'samfjacobs', 'name': 'Sam Jacobs üßóüèª\u200d‚ôÇÔ∏è', 'id': '7212532'}]",,,,
1375556754193403904,1375556754193403904,2021-03-27 02:44:21 IST,2021-03-27,02:44:21,+0530,6472982,rkhanna,Rishi Khanna,,Turning off Clubhouse notifications was the best thing I‚Äôve done this month for my sanity. Was way too noisy.,en,[],[],[],5,0,23,[],[],https://twitter.com/rkhanna/status/1375556754193403904,False,,0,,,,,,,,[],,,,
1375466668902772738,1375450191684382723,2021-03-26 20:46:23 IST,2021-03-26,20:46:23,+0530,6472982,rkhanna,Rishi Khanna,,@Bonecondor I got the Sony 1000XM4‚Äôs recently and they‚Äôre great for listening. Work well with everything for me. The mic is okay and sometimes people have a tough time hearing me but I haven‚Äôt used it enough in that way.,en,[],[],[],0,0,1,[],[],https://twitter.com/rkhanna/status/1375466668902772738,False,,0,,,,,,,,"[{'screen_name': 'Bonecondor', 'name': 'Chairman Birb Bernanke ‚ô°', 'id': '709822647652196353'}]",,,,
1375280045590257664,1375216182249197570,2021-03-26 08:24:48 IST,2021-03-26,08:24:48,+0530,6472982,rkhanna,Rishi Khanna,,@sairarahman @coloradoriley @ShakePryz But don‚Äôt fall out of the raft taking selfies! üòÇ,en,[],[],[],2,0,2,[],[],https://twitter.com/rkhanna/status/1375280045590257664,False,,0,,,,,,,,"[{'screen_name': 'sairarahman', 'name': 'saira', 'id': '44504252'}, {'screen_name': 'coloradoriley', 'name': 'Riley Rosenberger', 'id': '634266450'}, {'screen_name': 'ShakePryz', 'name': 'ShakePryz', 'id': '1367130822126493703'}]",,,,
1375172180850409472,1375083645753417728,2021-03-26 01:16:12 IST,2021-03-26,01:16:12,+0530,6472982,rkhanna,Rishi Khanna,,@nrmehta I feel attacked üòÇ,en,[],[],[],0,0,1,[],[],https://twitter.com/rkhanna/status/1375172180850409472,False,,0,,,,,,,,"[{'screen_name': 'nrmehta', 'name': 'Nick Mehta', 'id': '9529752'}]",,,,
1375072079477940230,1374976064347369477,2021-03-25 18:38:26 IST,2021-03-25,18:38:26,+0530,6472982,rkhanna,Rishi Khanna,,@AviNMash Bet on Cuse ;),en,[],[],[],0,0,0,[],[],https://twitter.com/rkhanna/status/1375072079477940230,False,,0,,,,,,,,"[{'screen_name': 'AviNMash', 'name': 'üßô\u200d‚ôÇÔ∏èAvi üßô\u200d‚ôÇÔ∏è', 'id': '126362151'}]",,,,
1375063964078501892,1374976064347369477,2021-03-25 18:06:11 IST,2021-03-25,18:06:11,+0530,6472982,rkhanna,Rishi Khanna,,@AviNMash About to hit 14 years; May 2007! Pound that üòÇ,en,[],[],[],1,0,1,[],[],https://twitter.com/rkhanna/status/1375063964078501892,False,,0,,,,,,,,"[{'screen_name': 'AviNMash', 'name': 'üõÄ Avi üëä', 'id': '126362151'}]",,,,
1373522918278377473,1373469021434216448,2021-03-21 12:02:37 IST,2021-03-21,12:02:37,+0530,6472982,rkhanna,Rishi Khanna,,@mmallin Clearly I gotta be Dre.,en,[],[],[],1,0,1,[],[],https://twitter.com/rkhanna/status/1373522918278377473,False,,0,,,,,,,,"[{'screen_name': 'mmallin', 'name': 'Michael Mallin', 'id': '21229041'}]",,,,
1373487736296980481,1373426509734682627,2021-03-21 09:42:49 IST,2021-03-21,09:42:49,+0530,6472982,rkhanna,Rishi Khanna,,"@jposhaughnessy Jim, we are about to karaoke this right now per your inspiration. So good!",en,[],[],[],1,0,1,[],[],https://twitter.com/rkhanna/status/1373487736296980481,False,,0,,,,,,,,"[{'screen_name': 'jposhaughnessy', 'name': 'Jim OShaughnessy', 'id': '28369153'}]",,,,
1373483427605929988,1373412400012144642,2021-03-21 09:25:41 IST,2021-03-21,09:25:41,+0530,6472982,rkhanna,Rishi Khanna,,"@GavinSBaker Ummm, do they make this in adult sizes???",en,[],[],[],0,0,0,[],[],https://twitter.com/rkhanna/status/1373483427605929988,False,,0,,,,,,,,"[{'screen_name': 'GavinSBaker', 'name': 'Gavin Baker', 'id': '340387261'}]",,,,
1373483166216949761,1373480947543334917,2021-03-21 09:24:39 IST,2021-03-21,09:24:39,+0530,6472982,rkhanna,Rishi Khanna,,@john_frankel  https://t.co/zdBkki1gDp,und,[],[],['https://pbs.twimg.com/tweet_video_thumb/Ew-XqERWUAMhlMm.jpg'],0,0,2,[],[],https://twitter.com/rkhanna/status/1373483166216949761,False,,1,https://pbs.twimg.com/tweet_video_thumb/Ew-XqERWUAMhlMm.jpg,,,,,,,[],,,,
1373476194956550147,1373443536469823488,2021-03-21 08:56:57 IST,2021-03-21,08:56:57,+0530,6472982,rkhanna,Rishi Khanna,,@TheFrugalBanker And now I will karaoke Juicy (it‚Äôs karaoke night in the household!),en,[],[],[],0,0,2,[],[],https://twitter.com/rkhanna/status/1373476194956550147,False,,0,,,,,,,,"[{'screen_name': 'TheFrugalBanker', 'name': 'The Frugal Banker', 'id': '1167890967250251776'}]",,,,
1373472025243705344,1373443536469823488,2021-03-21 08:40:23 IST,2021-03-21,08:40:23,+0530,6472982,rkhanna,Rishi Khanna,,@TheFrugalBanker I got you on this! My wife and I always say that had Pac lived he would have been the poet laureate!,en,[],[],[],1,0,4,[],[],https://twitter.com/rkhanna/status/1373472025243705344,False,,0,,,,,,,,"[{'screen_name': 'TheFrugalBanker', 'name': 'The Frugal Banker', 'id': '1167890967250251776'}]",,,,
1373469021434216448,1373469021434216448,2021-03-21 08:28:27 IST,2021-03-21,08:28:27,+0530,6472982,rkhanna,Rishi Khanna,,Just did my first karaoke with my 8 year daughter! She picked a song from two of her fave Disney movies and then I had her join me in Welcome to the Jungle! Parent of the year ü§∑üèΩ‚Äç‚ôÇÔ∏è,en,[],[],[],3,0,31,[],[],https://twitter.com/rkhanna/status/1373469021434216448,False,,0,,,,,,,,[],,,,
1372967684204326920,1372948548359192576,2021-03-19 23:16:19 IST,2021-03-19,23:16:19,+0530,6472982,rkhanna,Rishi Khanna,,@KoyfinCharts @GavinSBaker @saltshuller It‚Äôs been many years since I‚Äôve been involved with Novus but I always looked at them as complimentary. @CameronHight is a great guy too!,en,"[{'screen_name': 'cameronhight', 'name': 'cameron hight', 'id': '87272924'}]",[],[],1,0,5,[],[],https://twitter.com/rkhanna/status/1372967684204326920,False,,0,,,,,,,,"[{'screen_name': 'KoyfinCharts', 'name': 'Koyfin', 'id': '710191573615693824'}, {'screen_name': 'GavinSBaker', 'name': 'Gavin Baker', 'id': '340387261'}, {'screen_name': 'saltshuller', 'name': 'Stan Altshuller', 'id': '958160354'}]",,,,
1372809739973898245,1372794813905399809,2021-03-19 12:48:42 IST,2021-03-19,12:48:42,+0530,6472982,rkhanna,Rishi Khanna,,@MonicaSDogra Just watched! Amazing! üëèüèΩüëèüèΩüëèüèΩ Clearly will be binging the rest over the weekend!,en,[],[],[],1,0,2,[],[],https://twitter.com/rkhanna/status/1372809739973898245,False,,0,,,,,,,,"[{'screen_name': 'MonicaSDogra', 'name': 'Monica Dogra', 'id': '30457335'}]",,,,
1372799024416231440,1372794813905399809,2021-03-19 12:06:07 IST,2021-03-19,12:06:07,+0530,6472982,rkhanna,Rishi Khanna,,@MonicaSDogra I‚Äôm a dumbass. Simple google solved this. Watching first episode now ü§ó,en,[],[],[],1,0,2,[],[],https://twitter.com/rkhanna/status/1372799024416231440,False,,0,,,,,,,,"[{'screen_name': 'MonicaSDogra', 'name': 'Monica Dogra', 'id': '30457335'}]",,,,
1372797686391349249,1372785083401138183,2021-03-19 12:00:48 IST,2021-03-19,12:00:48,+0530,6472982,rkhanna,Rishi Khanna,,"@ParikPatelCFA @Nikita_Arora17 @nycsadgirl @Spotify Dad, is it morning for you already?",en,[],[],[],1,0,4,[],[],https://twitter.com/rkhanna/status/1372797686391349249,False,,0,,,,,,,,"[{'screen_name': 'ParikPatelCFA', 'name': 'Dr. Parik Patel, BA, CFA, ACCA Esq. üí∏', 'id': '1295526279194828800'}, {'screen_name': 'Nikita_Arora17', 'name': 'Nikita Arora', 'id': '188643264'}, {'screen_name': 'nycsadgirl', 'name': 'Ri Westwood', 'id': '1271968964655095808'}, {'screen_name': 'Spotify', 'name': 'Spotify', 'id': '17230018'}]",,,,
1372796091905667077,1372794813905399809,2021-03-19 11:54:28 IST,2021-03-19,11:54:28,+0530,6472982,rkhanna,Rishi Khanna,,@MonicaSDogra Whaddup fam! Can we watch in US? What do I need to subscribe to???,en,[],[],[],1,0,2,[],[],https://twitter.com/rkhanna/status/1372796091905667077,False,,0,,,,,,,,"[{'screen_name': 'MonicaSDogra', 'name': 'Monica Dogra', 'id': '30457335'}]",,,,
1372795752754257921,1372785083401138183,2021-03-19 11:53:07 IST,2021-03-19,11:53:07,+0530,6472982,rkhanna,Rishi Khanna,,@Nikita_Arora17 @nycsadgirl @Spotify Fave track?,en,[],[],[],2,0,1,[],[],https://twitter.com/rkhanna/status/1372795752754257921,False,,0,,,,,,,,"[{'screen_name': 'Nikita_Arora17', 'name': 'Nikita Arora', 'id': '188643264'}, {'screen_name': 'nycsadgirl', 'name': 'Ri Westwood', 'id': '1271968964655095808'}, {'screen_name': 'Spotify', 'name': 'Spotify', 'id': '17230018'}]",,,,
1372743758832406528,1372703813891731456,2021-03-19 08:26:31 IST,2021-03-19,08:26:31,+0530,6472982,rkhanna,Rishi Khanna,,@katieeperry  https://t.co/4F0ZPpUPK4,und,[],[],['https://pbs.twimg.com/tweet_video_thumb/Ewz3K5EXEAYurQE.jpg'],0,0,2,[],[],https://twitter.com/rkhanna/status/1372743758832406528,False,,1,https://pbs.twimg.com/tweet_video_thumb/Ewz3K5EXEAYurQE.jpg,,,,,,,[],,,,
1372743418225385472,1372683378466639872,2021-03-19 08:25:09 IST,2021-03-19,08:25:09,+0530,6472982,rkhanna,Rishi Khanna,,@AviNMash Wait your turn punk ü§™,en,[],[],[],0,0,2,[],[],https://twitter.com/rkhanna/status/1372743418225385472,False,,0,,,,,,,,"[{'screen_name': 'AviNMash', 'name': 'üõÄ Avi üëä', 'id': '126362151'}]",,,,
1372238556043829258,1372181000810332162,2021-03-17 22:59:01 IST,2021-03-17,22:59:01,+0530,6472982,rkhanna,Rishi Khanna,,"@richkleiman Phew, tweet was before our call!",en,[],[],[],0,0,0,[],[],https://twitter.com/rkhanna/status/1372238556043829258,False,,0,,,,,,,,"[{'screen_name': 'richkleiman', 'name': 'Ace', 'id': '36289217'}]",,,,
1372046778321756160,1371464786928623616,2021-03-17 10:16:58 IST,2021-03-17,10:16:58,+0530,6472982,rkhanna,Rishi Khanna,,@FarzamKamel @Subliners @KDTrey5 @richkleiman @andbox_official @35Ventures Too long my friend! Zoom soon? Will text you!,en,[],[],[],0,0,0,[],[],https://twitter.com/rkhanna/status/1372046778321756160,False,,0,,,,,,,,"[{'screen_name': 'FarzamKamel', 'name': 'Farzam Kamel', 'id': '3241302861'}, {'screen_name': 'Subliners', 'name': 'NYSL', 'id': '1122713320086220803'}, {'screen_name': 'KDTrey5', 'name': 'Kevin Durant', 'id': '35936474'}, {'screen_name': 'richkleiman', 'name': 'Ace', 'id': '36289217'}, {'screen_name': 'andbox_official', 'name': 'Andbox', 'id': '1117976311681699841'}, {'screen_name': '35Ventures', 'name': 'Thirty Five Ventures', 'id': '1042836892797083648'}]",,,,
1372018168240164869,1371887842088136708,2021-03-17 08:23:16 IST,2021-03-17,08:23:16,+0530,6472982,rkhanna,Rishi Khanna,,"@DrewDouglass @Stocktwits Yes, we will for a large part of the team (but not everyone).",en,[],[],[],1,0,1,[],[],https://twitter.com/rkhanna/status/1372018168240164869,False,,0,,,,,,,,"[{'screen_name': 'DrewDouglass', 'name': 'üë®üèª\u200düíª Drew Douglass üå¥', 'id': '16105217'}, {'screen_name': 'Stocktwits', 'name': 'Stocktwits', 'id': '14886375'}]",,,,
1372008270106406915,1371464786928623616,2021-03-17 07:43:56 IST,2021-03-17,07:43:56,+0530,6472982,rkhanna,Rishi Khanna,,@FarzamKamel @Subliners @KDTrey5 @richkleiman @andbox_official @35Ventures Oh damn! I love it when my people come together @FarzamKamel and @richkleiman!,en,"[{'screen_name': 'farzamkamel', 'name': 'farzam kamel', 'id': '3241302861'}, {'screen_name': 'richkleiman', 'name': 'ace', 'id': '36289217'}]",[],[],1,0,1,[],[],https://twitter.com/rkhanna/status/1372008270106406915,False,,0,,,,,,,,"[{'screen_name': 'FarzamKamel', 'name': 'Farzam Kamel', 'id': '3241302861'}, {'screen_name': 'Subliners', 'name': 'NYSL', 'id': '1122713320086220803'}, {'screen_name': 'KDTrey5', 'name': 'Kevin Durant', 'id': '35936474'}, {'screen_name': 'richkleiman', 'name': 'Ace', 'id': '36289217'}, {'screen_name': 'andbox_official', 'name': 'Andbox', 'id': '1117976311681699841'}, {'screen_name': '35Ventures', 'name': 'Thirty Five Ventures', 'id': '1042836892797083648'}]",,,,
1372004598261637130,1371986351944564740,2021-03-17 07:29:21 IST,2021-03-17,07:29:21,+0530,6472982,rkhanna,Rishi Khanna,,@ROIChristie Obviously @tseides is awesome! (Though he‚Äôs no Christie üòÅ),en,"[{'screen_name': 'tseides', 'name': 'ted seides', 'id': '215825539'}]",[],[],1,0,3,[],[],https://twitter.com/rkhanna/status/1372004598261637130,False,,0,,,,,,,,"[{'screen_name': 'ROIChristie', 'name': 'Christie Hamilton', 'id': '15880024'}]",,,,
1371887842088136708,1371887842088136708,2021-03-16 23:45:24 IST,2021-03-16,23:45:24,+0530,6472982,rkhanna,Rishi Khanna,,"Super proud of our team for persevering over this last year!   Through the chaos and fear of those early days in NYC, to continuing to operate entirely remotely today, the @Stocktwits team has put in the work to keep us moving forward. Big things to come indeed!",en,"[{'screen_name': 'stocktwits', 'name': 'stocktwits', 'id': '14886375'}]",[],[],18,4,118,[],[],https://twitter.com/rkhanna/status/1371887842088136708,False,https://twitter.com/Stocktwits/status/1371873318131752963,0,,,,,,,,[],,,,
1370932947365269505,1370931241734836225,2021-03-14 08:31:00 IST,2021-03-14,08:31:00,+0530,6472982,rkhanna,Rishi Khanna,,@DeadCaitBounce One of the best trilogies ever!,en,[],[],[],1,0,4,[],[],https://twitter.com/rkhanna/status/1370932947365269505,False,,0,,,,,,,,"[{'screen_name': 'DeadCaitBounce', 'name': 'Caitlin Cook', 'id': '2200452385'}]",,,,
1370928286709252096,1370917354289389571,2021-03-14 08:12:28 IST,2021-03-14,08:12:28,+0530,6472982,rkhanna,Rishi Khanna,,@DeadCaitBounce That was a margarita at an amazing Cuban spot. But now I‚Äôm back to a good old fashioned!  https://t.co/3PSdZoyy1x,en,[],[],['https://pbs.twimg.com/media/EwaEAeIWYAA2ZV6.jpg'],1,0,3,[],[],https://twitter.com/rkhanna/status/1370928286709252096,False,,1,https://pbs.twimg.com/media/EwaEAeIWYAA2ZV6.jpg,,,,,,,"[{'screen_name': 'DeadCaitBounce', 'name': 'Caitlin Cook', 'id': '2200452385'}]",,,,
1370922499546972164,1370917354289389571,2021-03-14 07:49:29 IST,2021-03-14,07:49:29,+0530,6472982,rkhanna,Rishi Khanna,,@anthonystich  https://t.co/lNnFvKAoI5,und,[],[],['https://pbs.twimg.com/tweet_video_thumb/EwZ-voHWUAANFBU.jpg'],0,0,1,[],[],https://twitter.com/rkhanna/status/1370922499546972164,False,,1,https://pbs.twimg.com/tweet_video_thumb/EwZ-voHWUAANFBU.jpg,,,,,,,[],,,,
1370917354289389571,1370917354289389571,2021-03-14 07:29:02 IST,2021-03-14,07:29:02,+0530,6472982,rkhanna,Rishi Khanna,,Cheers NYC! We ain‚Äôt going nowhere.  https://t.co/qtdxBidHkt,en,[],[],['https://pbs.twimg.com/media/EwZ6D6qWEAI_QYK.jpg'],4,0,47,[],[],https://twitter.com/rkhanna/status/1370917354289389571,False,,1,https://pbs.twimg.com/media/EwZ6D6qWEAI_QYK.jpg,,,,,,,[],,,,
1370415058140925954,1370410779300790281,2021-03-12 22:13:05 IST,2021-03-12,22:13:05,+0530,6472982,rkhanna,Rishi Khanna,,@DeadCaitBounce @jposhaughnessy The Fed would disagree üòÇ,en,[],[],[],0,0,2,[],[],https://twitter.com/rkhanna/status/1370415058140925954,False,,0,,,,,,,,"[{'screen_name': 'DeadCaitBounce', 'name': 'Caitlin Cook', 'id': '2200452385'}, {'screen_name': 'jposhaughnessy', 'name': 'Jim OShaughnessy', 'id': '28369153'}]",,,,
1369499933313744899,1369499354554232833,2021-03-10 09:36:42 IST,2021-03-10,09:36:42,+0530,6472982,rkhanna,Rishi Khanna,,@sairarahman  https://t.co/vAyIkvhRAK,und,[],[],['https://pbs.twimg.com/tweet_video_thumb/EwFw7bSXYAQz9nt.jpg'],0,0,1,[],[],https://twitter.com/rkhanna/status/1369499933313744899,False,,1,https://pbs.twimg.com/tweet_video_thumb/EwFw7bSXYAQz9nt.jpg,,,,,,,[],,,,
1369496340691120129,1369494757592940545,2021-03-10 09:22:26 IST,2021-03-10,09:22:26,+0530,6472982,rkhanna,Rishi Khanna,,@ChrisCamillo Not coming back bud. Enjoy it while it lasts in obscure names/exchanges.,en,[],[],[],0,0,4,[],[],https://twitter.com/rkhanna/status/1369496340691120129,False,,0,,,,,,,,"[{'screen_name': 'ChrisCamillo', 'name': 'Chris Camillo', 'id': '14983508'}]",,,,
1369494040782245893,1369492468669046789,2021-03-10 09:13:17 IST,2021-03-10,09:13:17,+0530,6472982,rkhanna,Rishi Khanna,,@karlrectanus @richkleiman @AtotheK2000 Just such a good movie!,en,[],[],[],0,0,0,[],[],https://twitter.com/rkhanna/status/1369494040782245893,False,,0,,,,,,,,"[{'screen_name': 'karlrectanus', 'name': 'Karl Rectanus (he/him) ‚úåüèº‚úåüèº', 'id': '36114882'}, {'screen_name': 'richkleiman', 'name': 'Ace', 'id': '36289217'}, {'screen_name': 'AtotheK2000', 'name': 'Andrew Kleiman', 'id': '111076180'}]",,,,
1369492468669046789,1369492468669046789,2021-03-10 09:07:03 IST,2021-03-10,09:07:03,+0530,6472982,rkhanna,Rishi Khanna,,"Simple house rules to live by. Rule 15: If A Few Good Men is on TV, you watch. Cc: @richkleiman @AtotheK2000",en,"[{'screen_name': 'richkleiman', 'name': 'ace', 'id': '36289217'}, {'screen_name': 'atothek2000', 'name': 'andrew kleiman', 'id': '111076180'}]",[],[],2,0,10,[],[],https://twitter.com/rkhanna/status/1369492468669046789,False,,0,,,,,,,,[],,,,
1369479441575985152,1369424062997557257,2021-03-10 08:15:17 IST,2021-03-10,08:15:17,+0530,6472982,rkhanna,Rishi Khanna,,@nikillinit Facts. üòÇ,en,[],[],[],0,0,1,[],[],https://twitter.com/rkhanna/status/1369479441575985152,False,,0,,,,,,,,"[{'screen_name': 'nikillinit', 'name': 'Nikhil Krishnan', 'id': '1734045566'}]",,,,
1369478933603844096,1369472684220944386,2021-03-10 08:13:16 IST,2021-03-10,08:13:16,+0530,6472982,rkhanna,Rishi Khanna,,@EllenYChang Orange futures. If that doesn‚Äôt ring a bell Trading Places it is!,en,[],[],[],0,0,3,[],[],https://twitter.com/rkhanna/status/1369478933603844096,False,,0,,,,,,,,"[{'screen_name': 'EllenYChang', 'name': 'Ellen Chang Âºµ ÂøÉ Áë©', 'id': '1433289318'}]",,,,
1369478083699474435,1369472684220944386,2021-03-10 08:09:53 IST,2021-03-10,08:09:53,+0530,6472982,rkhanna,Rishi Khanna,,@EllenYChang If you haven‚Äôt seen Trading Places then def watch that.,en,[],[],[],1,0,2,[],[],https://twitter.com/rkhanna/status/1369478083699474435,False,,0,,,,,,,,"[{'screen_name': 'EllenYChang', 'name': 'Ellen Chang Âºµ ÂøÉ Áë©', 'id': '1433289318'}]",,,,
1369461479506853889,1369450846300291072,2021-03-10 07:03:54 IST,2021-03-10,07:03:54,+0530,6472982,rkhanna,Rishi Khanna,,@nihalmehta For sure my friend!,en,[],[],[],0,0,0,[],[],https://twitter.com/rkhanna/status/1369461479506853889,False,,0,,,,,,,,"[{'screen_name': 'nihalmehta', 'name': 'nihal', 'id': '9413702'}]",,,,
1369458696011587585,1369446919332900866,2021-03-10 06:52:51 IST,2021-03-10,06:52:51,+0530,6472982,rkhanna,Rishi Khanna,,@kunalmerchant True! I‚Äôm the only one that goes in. Have a whole floor so it‚Äôs socially distanced :),en,[],[],[],0,0,2,[],[],https://twitter.com/rkhanna/status/1369458696011587585,False,,0,,,,,,,,"[{'screen_name': 'kunalmerchant', 'name': 'Kunal Merchant', 'id': '17140774'}]",,,,
1369458478067163137,1369450846300291072,2021-03-10 06:51:59 IST,2021-03-10,06:51:59,+0530,6472982,rkhanna,Rishi Khanna,,@nihalmehta It‚Äôs how we role my friend.,en,[],[],[],2,0,1,[],[],https://twitter.com/rkhanna/status/1369458478067163137,False,,0,,,,,,,,"[{'screen_name': 'nihalmehta', 'name': 'nihal', 'id': '9413702'}]",,,,
1369446919332900866,1369446919332900866,2021-03-10 06:06:03 IST,2021-03-10,06:06:03,+0530,6472982,rkhanna,Rishi Khanna,,"Walking back from work to my home in NYC tonight and evoking all emotions of the greatness of NYC. As Spring springs, NYC rises. Seeing friends, stopping at multiple restaurants to support them and feeling it all. Still the greatest city in the world.",en,[],[],[],7,4,180,[],[],https://twitter.com/rkhanna/status/1369446919332900866,False,,0,,,,,,,,[],,,,
1367639897440477185,1367639897440477185,2021-03-05 06:25:35 IST,2021-03-05,06:25:35,+0530,6472982,rkhanna,Rishi Khanna,,Well earned! @MathewPassy is terrific and one of the good guys.,en,"[{'screen_name': 'mathewpassy', 'name': 'üéô mathew passy üéô', 'id': '13251042'}]",[],[],2,0,7,[],[],https://twitter.com/rkhanna/status/1367639897440477185,False,https://twitter.com/MathewPassy/status/1367566028872499212,0,,,,,,,,[],,,,
1367628969617592326,1365993225597509635,2021-03-05 05:42:10 IST,2021-03-05,05:42:10,+0530,6472982,rkhanna,Rishi Khanna,,@howardlindzon @chrismessina @amesimmons @Twitter We‚Äôre game @Stocktwits!,en,"[{'screen_name': 'stocktwits', 'name': 'stocktwits', 'id': '14886375'}]",[],[],1,0,4,[],[],https://twitter.com/rkhanna/status/1367628969617592326,False,,0,,,,,,,,"[{'screen_name': 'howardlindzon', 'name': 'SPAC Lindzon', 'id': '7517052'}, {'screen_name': 'chrismessina', 'name': '‚åóChrisMessina', 'id': '1186'}, {'screen_name': 'amesimmons', 'name': 'Amy Simmons ‚ùÑÔ∏èüå®', 'id': '42308418'}, {'screen_name': 'Twitter', 'name': 'Twitter', 'id': '783214'}]",,,,
1366644060467953664,1366597001207422983,2021-03-02 12:28:29 IST,2021-03-02,12:28:29,+0530,6472982,rkhanna,Rishi Khanna,,@MeganPurcell20 @sairarahman @Buy_The_Dip_ It would have if a McDonald‚Äôs was still open next to my office :) luckily it was closed!,en,[],[],[],0,0,1,[],[],https://twitter.com/rkhanna/status/1366644060467953664,False,,0,,,,,,,,"[{'screen_name': 'MeganPurcell20', 'name': 'Megan McShane Purcell', 'id': '1291473490390835201'}, {'screen_name': 'sairarahman', 'name': 'saira', 'id': '44504252'}, {'screen_name': 'Buy_The_Dip_', 'name': 'Edgy Memelord', 'id': '1190332251021533184'}]",,,,
1366600381044838405,1366597001207422983,2021-03-02 09:34:55 IST,2021-03-02,09:34:55,+0530,6472982,rkhanna,Rishi Khanna,,@MeganPurcell20 @sairarahman @Buy_The_Dip_ Proof!  https://t.co/jJQWGDikbK,en,[],[],['https://pbs.twimg.com/media/EvcjzWjWQAYbkCS.jpg'],0,0,3,[],[],https://twitter.com/rkhanna/status/1366600381044838405,False,,1,https://pbs.twimg.com/media/EvcjzWjWQAYbkCS.jpg,,,,,,,"[{'screen_name': 'MeganPurcell20', 'name': 'Megan McShane Purcell', 'id': '1291473490390835201'}, {'screen_name': 'sairarahman', 'name': 'saira', 'id': '44504252'}, {'screen_name': 'Buy_The_Dip_', 'name': 'Edgy Memelord', 'id': '1190332251021533184'}]",,,,
1366600263851778059,1366597001207422983,2021-03-02 09:34:27 IST,2021-03-02,09:34:27,+0530,6472982,rkhanna,Rishi Khanna,,@MeganPurcell20 @sairarahman @Buy_The_Dip_ There was a McDonald‚Äôs ad immediately after this tweet in my stream! Need. French. Fries.,en,[],[],[],1,0,3,[],[],https://twitter.com/rkhanna/status/1366600263851778059,False,,0,,,,,,,,"[{'screen_name': 'MeganPurcell20', 'name': 'Megan McShane Purcell', 'id': '1291473490390835201'}, {'screen_name': 'sairarahman', 'name': 'saira', 'id': '44504252'}, {'screen_name': 'Buy_The_Dip_', 'name': 'Edgy Memelord', 'id': '1190332251021533184'}]",,,,
1365903873706180619,1365779101139623936,2021-02-28 11:27:15 IST,2021-02-28,11:27:15,+0530,6472982,rkhanna,Rishi Khanna,,@zbruhnke 2007 peeps. Let‚Äôs burn it down!,en,[],[],[],0,0,0,[],[],https://twitter.com/rkhanna/status/1365903873706180619,False,,0,,,,,,,,"[{'screen_name': 'zbruhnke', 'name': 'Zach Bruhnke', 'id': '187619361'}]",,,,
1365897796373651460,1365779101139623936,2021-02-28 11:03:06 IST,2021-02-28,11:03:06,+0530,6472982,rkhanna,Rishi Khanna,,@zbruhnke You and me both. Actual facts.,en,[],[],[],1,0,1,[],[],https://twitter.com/rkhanna/status/1365897796373651460,False,,0,,,,,,,,"[{'screen_name': 'zbruhnke', 'name': 'Zach Bruhnke', 'id': '187619361'}]",,,,
1364687298063970305,1364687298063970305,2021-02-25 02:53:01 IST,2021-02-25,02:53:01,+0530,6472982,rkhanna,Rishi Khanna,,"Had a lot of fun with @davidrgoldberg,  @imchristiepitts, @john_frankel and @CharlieNYC on this!",en,"[{'screen_name': 'davidrgoldberg', 'name': 'david goldberg ü¶ô', 'id': '291351471'}, {'screen_name': 'imchristiepitts', 'name': 'christie pitts üí•', 'id': '19478356'}, {'screen_name': 'john_frankel', 'name': 'john frankel üö∂\u200d‚ôÇÔ∏è', 'id': '30322151'}, {'screen_name': 'charlienyc', 'name': 'charlie stephens', 'id': '2209169126'}]",[],[],0,1,14,[],[],https://twitter.com/rkhanna/status/1364687298063970305,False,https://twitter.com/primetimevc/status/1364647661232664585,0,,,,,,,,[],,,,
1364034399449341953,1364034399449341953,2021-02-23 07:38:38 IST,2021-02-23,07:38:38,+0530,6472982,rkhanna,Rishi Khanna,,Why isn‚Äôt an auction format something that happens in VC? Capital access is cyclical so maybe because it‚Äôs not always scarce? (Doesn‚Äôt feel like it right now.),en,[],[],[],0,0,2,[],[],https://twitter.com/rkhanna/status/1364034399449341953,False,https://twitter.com/harris/status/1363891384936108033,0,,,,,,,,[],,,,
1363999506388418560,1363986162432442370,2021-02-23 05:19:58 IST,2021-02-23,05:19:58,+0530,6472982,rkhanna,Rishi Khanna,,"@zachperret They can get access via the custodians/clearing houses, but I don‚Äôt know all the mechanics (though learning about it). Most common use case is the process for sending proxy statements.",en,[],[],[],0,0,1,[],[],https://twitter.com/rkhanna/status/1363999506388418560,False,,0,,,,,,,,"[{'screen_name': 'zachperret', 'name': 'Zachary Perret', 'id': '20332522'}]",,,,
1363960231026376705,1363873872328581120,2021-02-23 02:43:54 IST,2021-02-23,02:43:54,+0530,6472982,rkhanna,Rishi Khanna,,"@ParikPatelCFA @sairarahman Dad, please share your work. Please don‚Äôt play favorites between your kids!",en,[],[],[],0,0,2,[],[],https://twitter.com/rkhanna/status/1363960231026376705,False,,0,,,,,,,,"[{'screen_name': 'ParikPatelCFA', 'name': 'Dr. Parik Patel, BA, CFA, ACCA Esq. üí∏', 'id': '1295526279194828800'}, {'screen_name': 'sairarahman', 'name': 'saira', 'id': '44504252'}]",,,,
1363145209715060743,1363060755227160576,2021-02-20 20:45:18 IST,2021-02-20,20:45:18,+0530,6472982,rkhanna,Rishi Khanna,,@LizSimmie Only with options and crypto!,en,[],[],[],0,0,1,[],[],https://twitter.com/rkhanna/status/1363145209715060743,False,,0,,,,,,,,"[{'screen_name': 'LizSimmie', 'name': 'Liz Simmie', 'id': '593002564'}]",,,,
1363144260871159810,1363060755227160576,2021-02-20 20:41:32 IST,2021-02-20,20:41:32,+0530,6472982,rkhanna,Rishi Khanna,,Maybe it isn‚Äôt ‚Äúway‚Äù worse. A better tweet may have been ‚Äúinvest with momentum.‚Äù,en,[],[],[],1,0,8,[],[],https://twitter.com/rkhanna/status/1363144260871159810,False,,0,,,,,,,,[],,,,
1363060755227160576,1363060755227160576,2021-02-20 15:09:43 IST,2021-02-20,15:09:43,+0530,6472982,rkhanna,Rishi Khanna,,Oh my dumb shitü§¶üèΩ‚Äç‚ôÇÔ∏è. This is way worse than a clubhouse scream.,en,[],[],[],4,3,42,[],[],https://twitter.com/rkhanna/status/1363060755227160576,False,https://twitter.com/mhdempsey/status/1362896925033332736,0,,,,,,,,[],,,,
1362968954113785858,1362900519375802369,2021-02-20 09:04:56 IST,2021-02-20,09:04:56,+0530,6472982,rkhanna,Rishi Khanna,,@asanwal @FTPartners LOL! Sorry bud. I literally ordered a sega Dreamcast from UF! @richkleiman you remember that?!,en,"[{'screen_name': 'richkleiman', 'name': 'ace', 'id': '36289217'}]",[],[],0,0,2,[],[],https://twitter.com/rkhanna/status/1362968954113785858,False,,0,,,,,,,,"[{'screen_name': 'asanwal', 'name': 'Anand Sanwal', 'id': '16350505'}, {'screen_name': 'FTPartners', 'name': 'Steve McLaughlin FT', 'id': '48039458'}]",,,,
1362964107452948480,1362900519375802369,2021-02-20 08:45:40 IST,2021-02-20,08:45:40,+0530,6472982,rkhanna,Rishi Khanna,,"@asanwal @FTPartners Whoa, you were at Kozmo?! That‚Äôs a throwback! I was more of an urban fetch guy (had like 20 tshirts and way too many chocolate chip cookies üòÇüòÇüòÇ)",en,[],[],[],1,0,2,[],[],https://twitter.com/rkhanna/status/1362964107452948480,False,,0,,,,,,,,"[{'screen_name': 'asanwal', 'name': 'Anand Sanwal', 'id': '16350505'}, {'screen_name': 'FTPartners', 'name': 'Steve McLaughlin FT', 'id': '48039458'}]",,,,
1362963267413565442,1362792236321284100,2021-02-20 08:42:20 IST,2021-02-20,08:42:20,+0530,6472982,rkhanna,Rishi Khanna,,@anjalikumar Doesn‚Äôt just zoom audio count? I actually hate dialing and would prefer to just click a link and do audio only. Dialing is so 2019.,en,[],[],[],1,0,1,[],[],https://twitter.com/rkhanna/status/1362963267413565442,False,,0,,,,,,,,"[{'screen_name': 'anjalikumar', 'name': 'anjalikumar', 'id': '21792325'}]",,,,
1362611497847959552,1362474591625629697,2021-02-19 09:24:31 IST,2021-02-19,09:24:31,+0530,6472982,rkhanna,Rishi Khanna,,@awealthofcs $100B company.,en,[],[],[],1,0,2,[],[],https://twitter.com/rkhanna/status/1362611497847959552,False,,0,,,,,,,,"[{'screen_name': 'awealthofcs', 'name': 'Ben Carlson', 'id': '97530284'}]",,,,
1362611079659028485,1362610455592714244,2021-02-19 09:22:52 IST,2021-02-19,09:22:52,+0530,6472982,rkhanna,Rishi Khanna,,@jonathanglick It‚Äôs like laughing at a comedy club. Layers are lost with one way broadcast.,en,[],[],[],0,0,1,[],[],https://twitter.com/rkhanna/status/1362611079659028485,False,,0,,,,,,,,"[{'screen_name': 'jonathanglick', 'name': 'Jonathan Glick', 'id': '15931605'}]",,,,
1362610865682472962,1362610455592714244,2021-02-19 09:22:01 IST,2021-02-19,09:22:01,+0530,6472982,rkhanna,Rishi Khanna,,@jonathanglick Eh. Not the same ü§∑üèΩ‚Äç‚ôÇÔ∏è,en,[],[],[],2,0,0,[],[],https://twitter.com/rkhanna/status/1362610865682472962,False,,0,,,,,,,,"[{'screen_name': 'jonathanglick', 'name': 'Jonathan Glick', 'id': '15931605'}]",,,,
1362610455592714244,1362610455592714244,2021-02-19 09:20:23 IST,2021-02-19,09:20:23,+0530,6472982,rkhanna,Rishi Khanna,,The frustration with clubhouse is when people say dumb shit and you can‚Äôt scream so everyone hears you.,en,[],[],[],8,3,62,[],[],https://twitter.com/rkhanna/status/1362610455592714244,False,,0,,,,,,,,[],,,,
