id,conversation_id,created_at,date,time,timezone,user_id,username,name,place,tweet,language,mentions,urls,photos,replies_count,retweets_count,likes_count,hashtags,cashtags,link,retweet,quote_url,video,thumbnail,near,geo,source,user_rt_id,user_rt,retweet_id,reply_to,retweet_date,translate,trans_src,trans_dest,,,,,,,,,,Sentiment,Emotions
1.38569E+18,1.38569E+18,2021-04-24 02:01:51 IST,24-04-2021,02:01:51,530,1657077212,dashyszn,Brandon,, https://t.co/x2yEGm8C6C,und,[],['https://youtu.be/K4BSW8Dmb6k'],[],13,4,133,[],[],https://twitter.com/DashySZN/status/1385692920204861440,FALSE,,0,,,,,,,,[],,,,,,,,,,,,,,NA,NA
1.38543E+18,1.38543E+18,2021-04-23 08:55:23 IST,23-04-2021,08:55:23,530,1657077212,dashyszn,Brandon,,ü§Øü§Øü§Ø,und,[],[],[],50,85,4004,[],[],https://twitter.com/DashySZN/status/1385434599304556546,FALSE,,0,,,,,,,,[],,,,,,,,,,,,,,Negative,Panic
1.38508E+18,1.38508E+18,2021-04-22 09:33:49 IST,22-04-2021,09:33:49,530,1657077212,dashyszn,Brandon,,@MaTtKs  https://t.co/4Fylftvgi3,und,[],[],['https://pbs.twimg.com/tweet_video_thumb/EzjMoBDUYAEEh8w.jpg'],1,1,40,[],[],https://twitter.com/DashySZN/status/1385081883478745089,FALSE,,1,https://pbs.twimg.com/tweet_video_thumb/EzjMoBDUYAEEh8w.jpg,,,,,,,[],,,,,,,,,,,,,,NA,NA
1.38507E+18,1.38507E+18,2021-04-22 09:04:57 IST,22-04-2021,09:04:57,530,1657077212,dashyszn,Brandon,,"@IssaDarkness yeee it's ""DASHY""",en,[],[],[],1,0,5,[],[],https://twitter.com/DashySZN/status/1385074620210958338,FALSE,,0,,,,,,,,"[{'screen_name': 'IssaDarkness', 'name': 'Dev', 'id': '1102704366023254017'}]",,,,,,,,,,,,,,Positive,Excitement
1.38502E+18,1.38502E+18,2021-04-22 05:46:24 IST,22-04-2021,05:46:24,530,1657077212,dashyszn,Brandon,,@Gunr72 @DylanEnvoy convos were funny asf my guy üòÇ,en,[],[],[],3,0,625,[],[],https://twitter.com/DashySZN/status/1385024654499192832,FALSE,,0,,,,,,,,"[{'screen_name': 'Gunr72', 'name': 'Sameer', 'id': '323375293'}, {'screen_name': 'DylanEnvoy', 'name': 'OpTic Envoy', 'id': '925159100257849345'}]",,,,,,,,,,,,,,Negative,Excitement
1.38496E+18,1.38495E+18,2021-04-22 01:19:37 IST,22-04-2021,01:19:37,530,1657077212,dashyszn,Brandon,,@CrypticNoHoes us?? üò≠,und,[],[],[],7,2,614,[],[],https://twitter.com/DashySZN/status/1384957516946288643,FALSE,,0,,,,,,,,"[{'screen_name': 'CrypticNoHoes', 'name': 'cryptic incognito', 'id': '1357094550033039361'}]",,,,,,,,,,,,,,Negative,Hope
1.38495E+18,1.38495E+18,2021-04-22 00:52:42 IST,22-04-2021,00:52:42,530,1657077212,dashyszn,Brandon,,@CrypticNoHoes @ me next time...,en,[],[],[],2,5,675,[],[],https://twitter.com/DashySZN/status/1384950742822305795,FALSE,,0,,,,,,,,"[{'screen_name': 'CrypticNoHoes', 'name': 'cryptic incognito', 'id': '1357094550033039361'}]",,,,,,,,,,,,,,NA,NA
1.38495E+18,1.38495E+18,2021-04-22 00:33:16 IST,22-04-2021,00:33:16,530,1657077212,dashyszn,Brandon,,NickMercs is different...,en,[],[],[],34,85,4433,[],[],https://twitter.com/DashySZN/status/1384945850112221189,FALSE,,0,,,,,,,,[],,,,,,,,,,,,,,Neutral,Relief
1.38494E+18,1.38494E+18,2021-04-22 00:14:53 IST,22-04-2021,00:14:53,530,1657077212,dashyszn,Brandon,,@iLLeYYY @ItsLauraBearr bro laura was final for a bit no bs üòÇüòÇ,en,[],[],[],0,0,60,[],[],https://twitter.com/DashySZN/status/1384941225879515137,FALSE,,0,,,,,,,,"[{'screen_name': 'iLLeYYY', 'name': 'Empire iLLeY', 'id': '540448059'}, {'screen_name': 'ItsLauraBearr', 'name': 'Laura  ï‚Ä¢·¥•‚Ä¢ î', 'id': '547216527'}]",,,,,,,,,,,,,,Positive,Excitement
1.38494E+18,1.38494E+18,2021-04-22 00:08:40 IST,22-04-2021,00:08:40,530,1657077212,dashyszn,Brandon,,@ItsLauraBearr hold a iron real quick,en,[],[],[],5,1,114,[],[],https://twitter.com/DashySZN/status/1384939661722853378,FALSE,,0,,,,,,,,[],,,,,,,,,,,,,,Neutral,NA
1.38475E+18,1.38475E+18,2021-04-21 11:43:10 IST,21-04-2021,11:43:10,530,1657077212,dashyszn,Brandon,,@ACHES üëÄ,und,[],[],[],3,0,188,[],[],https://twitter.com/DashySZN/status/1384752046750973955,FALSE,,0,,,,,,,,[],,,,,,,,,,,,,,NA,NA
1.38475E+18,1.38475E+18,2021-04-21 11:42:11 IST,21-04-2021,11:42:11,530,1657077212,dashyszn,Brandon,,@SaintsNato bro mo is finding any way possible to camera rn üò≠,en,[],[],[],2,1,220,[],[],https://twitter.com/DashySZN/status/1384751800306311168,FALSE,,0,,,,,,,,"[{'screen_name': 'SaintsNato', 'name': 'NYSL Nat0', 'id': '271697994'}]",,,,,,,,,,,,,,Negative,Excitement
1.38475E+18,1.38475E+18,2021-04-21 11:40:22 IST,21-04-2021,11:40:22,530,1657077212,dashyszn,Brandon,,4/20 update for sure,en,[],[],[],23,82,3017,[],[],https://twitter.com/DashySZN/status/1384751343307534339,FALSE,,0,,,,,,,,[],,,,,,,,,,,,,,Neutral,Hope
1.38471E+18,1.38471E+18,2021-04-21 09:12:22 IST,21-04-2021,09:12:22,530,1657077212,dashyszn,Brandon,,@TeddyRecKs 3v3/4v4 chall?,und,[],[],[],4,0,65,[],[],https://twitter.com/DashySZN/status/1384714100203270146,FALSE,,0,,,,,,,,[],,,,,,,,,,,,,,NA,NA
1.38433E+18,1.38433E+18,2021-04-20 08:05:00 IST,20-04-2021,08:05:00,530,1657077212,dashyszn,Brandon,,@OctaneSam @JKap415 rEGgiE mILlEr,no,[],[],[],5,1,180,[],[],https://twitter.com/DashySZN/status/1384334755907334144,FALSE,,0,,,,,,,,"[{'screen_name': 'OctaneSam', 'name': 'Sam Larew', 'id': '1861916071'}, {'screen_name': 'JKap415', 'name': 'Jordan Kaplan', 'id': '252791673'}]",,,,,,,,,,,,,,NA,NA
1.38433E+18,1.38433E+18,2021-04-20 08:01:19 IST,20-04-2021,08:01:19,530,1657077212,dashyszn,Brandon,,@JKap415 @OctaneSam who tf is willing to argue that üò≠üò≠,en,[],[],[],6,1,281,[],[],https://twitter.com/DashySZN/status/1384333829968588800,FALSE,,0,,,,,,,,"[{'screen_name': 'JKap415', 'name': 'Jordan Kaplan', 'id': '252791673'}, {'screen_name': 'OctaneSam', 'name': 'Sam Larew', 'id': '1861916071'}]",,,,,,,,,,,,,,Negative,Fear
1.38433E+18,1.38401E+18,2021-04-20 08:00:36 IST,20-04-2021,08:00:36,530,1657077212,dashyszn,Brandon,,@aBeZy appreciate it goat üôèüèΩüêê,en,[],[],[],0,1,161,[],[],https://twitter.com/DashySZN/status/1384333650720804866,FALSE,,0,,,,,,,,"[{'screen_name': 'aBeZy', 'name': 'FaZe aBeZy', 'id': '2991273945'}]",,,,,,,,,,,,,,Neutral,Hope
1.38433E+18,1.38433E+18,2021-04-20 07:48:59 IST,20-04-2021,07:48:59,530,1657077212,dashyszn,Brandon,,@TJHaLy  https://t.co/I0zAR4XVuY,und,[],[],['https://pbs.twimg.com/tweet_video_thumb/EzYhc5_VUAMTaL5.jpg'],2,5,238,[],[],https://twitter.com/DashySZN/status/1384330725990694912,FALSE,,1,https://pbs.twimg.com/tweet_video_thumb/EzYhc5_VUAMTaL5.jpg,,,,,,,[],,,,,,,,,,,,,,NA,NA
1.38433E+18,1.38433E+18,2021-04-20 07:46:13 IST,20-04-2021,07:46:13,530,1657077212,dashyszn,Brandon,,Steph Curry is incredible. Wow,en,[],[],[],24,72,1996,[],[],https://twitter.com/DashySZN/status/1384330029400793089,FALSE,,0,,,,,,,,[],,,,,,,,,,,,,,Positive,Excitement
1.38431E+18,1.38431E+18,2021-04-20 06:14:43 IST,20-04-2021,06:14:43,530,1657077212,dashyszn,Brandon,,Appreciate everyone for the birthday wishes!! Let‚Äôs make 22 the best year yet ya feeeeeeeel üòéü•Ç,en,[],[],[],37,26,2167,[],[],https://twitter.com/DashySZN/status/1384307003598594048,FALSE,,0,,,,,,,,[],,,,,,,,,,,,,,Positive,Excitement
1.38431E+18,1.38431E+18,2021-04-20 06:13:47 IST,20-04-2021,06:13:47,530,1657077212,dashyszn,Brandon,,@PacmanJT we went over this bro.. CK in 7 üòÇ appreciate it my guy üôèüèΩ,en,[],[],[],0,1,24,[],[],https://twitter.com/DashySZN/status/1384306766687526920,FALSE,,0,,,,,,,,"[{'screen_name': 'PacmanJT', 'name': 'Jonathan Tucker', 'id': '211308151'}]",,,,,,,,,,,,,,Positive,Excitement
1.38431E+18,1.38431E+18,2021-04-20 06:10:57 IST,20-04-2021,06:10:57,530,1657077212,dashyszn,Brandon,,@Loony thank you goat appreciate it üôèüèΩüêê,en,[],[],[],0,1,106,[],[],https://twitter.com/DashySZN/status/1384306055765659649,FALSE,,0,,,,,,,,"[{'screen_name': 'Loony', 'name': 'Surge Loony', 'id': '335532964'}]",,,,,,,,,,,,,,Positive,Relief
1.38431E+18,1.38401E+18,2021-04-20 06:06:51 IST,20-04-2021,06:06:51,530,1657077212,dashyszn,Brandon,,@UAquaa ayeee good looks brotha ulyüôèüèΩ,en,[],[],[],0,1,36,[],[],https://twitter.com/DashySZN/status/1384305025250304005,FALSE,,0,,,,,,,,"[{'screen_name': 'UAquaa', 'name': 'AquA', 'id': '323099683'}]",,,,,,,,,,,,,,Positive,Relief
1.3843E+18,1.38401E+18,2021-04-20 06:06:36 IST,20-04-2021,06:06:36,530,1657077212,dashyszn,Brandon,,@Trei my guy Len... appreciate you brotha üôèüèΩ,en,[],[],[],0,1,46,[],[],https://twitter.com/DashySZN/status/1384304959068377095,FALSE,,0,,,,,,,,"[{'screen_name': 'Trei', 'name': 'Cartier', 'id': '1790486749'}]",,,,,,,,,,,,,,Neutral,NA
1.3843E+18,1.3843E+18,2021-04-20 06:05:04 IST,20-04-2021,06:05:04,530,1657077212,dashyszn,Brandon,,@scump holy shit you‚Äôve been in you‚Äôre bag kiiiid,en,[],[],[],15,25,2722,[],[],https://twitter.com/DashySZN/status/1384304573536342021,FALSE,,0,,,,,,,,[],,,,,,,,,,,,,,Negative,Fear
1.38429E+18,1.38401E+18,2021-04-20 05:24:23 IST,20-04-2021,05:24:23,530,1657077212,dashyszn,Brandon,,@MJCheen thank you $cheen üôèüèΩ,en,[],[],[],0,1,38,[],['cheen'],https://twitter.com/DashySZN/status/1384294336695717894,FALSE,,0,,,,,,,,"[{'screen_name': 'MJCheen', 'name': 'üåë', 'id': '310165931'}]",,,,,,,,,,,,,,Positive,Relief
1.38427E+18,1.38401E+18,2021-04-20 04:07:22 IST,20-04-2021,04:07:22,530,1657077212,dashyszn,Brandon,,@BenJNissim appreciate it Wen !!,en,[],[],[],0,2,50,[],[],https://twitter.com/DashySZN/status/1384274954556899330,FALSE,,0,,,,,,,,"[{'screen_name': 'BenJNissim', 'name': 'Ben N', 'id': '6746532'}]",,,,,,,,,,,,,,Positive,Relief
1.38426E+18,1.38425E+18,2021-04-20 03:15:57 IST,20-04-2021,03:15:57,530,1657077212,dashyszn,Brandon,,@PRPLXD my g üôèüèΩappreciate it,en,[],[],[],0,1,4,[],[],https://twitter.com/DashySZN/status/1384262013426143235,FALSE,,0,,,,,,,,"[{'screen_name': 'PRPLXD', 'name': 'EMVPBiid', 'id': '286871709'}]",,,,,,,,,,,,,,Positive,Relief
1.38425E+18,1.3842E+18,2021-04-20 02:25:20 IST,20-04-2021,02:25:20,530,1657077212,dashyszn,Brandon,,@Animal_Valorant appreciate it brotha üôèüèΩ,en,[],[],[],0,1,6,[],[],https://twitter.com/DashySZN/status/1384249277317218305,FALSE,,0,,,,,,,,"[{'screen_name': 'Animal_Valorant', 'name': 'Chris', 'id': '1643910006'}]",,,,,,,,,,,,,,Positive,Relief
1.38425E+18,1.38421E+18,2021-04-20 02:24:47 IST,20-04-2021,02:24:47,530,1657077212,dashyszn,Brandon,,@allysav thank you allysa appreciate it !! :),en,[],[],[],3,2,40,[],[],https://twitter.com/DashySZN/status/1384249139005849612,FALSE,,0,,,,,,,,"[{'screen_name': 'allysav', 'name': 'ùì™ùìµùìµùîÇùìºùì™', 'id': '358345667'}]",,,,,,,,,,,,,,Positive,Relief
1.38425E+18,1.38421E+18,2021-04-20 02:23:55 IST,20-04-2021,02:23:55,530,1657077212,dashyszn,Brandon,,@TTinyy_ what a strat.. my guy appreciate it !!,en,[],[],[],0,1,28,[],[],https://twitter.com/DashySZN/status/1384248919878619143,FALSE,,0,,,,,,,,"[{'screen_name': 'TTinyy_', 'name': 'Devoo', 'id': '781091718'}]",,,,,,,,,,,,,,Positive,Relief
1.38425E+18,1.38422E+18,2021-04-20 02:22:00 IST,20-04-2021,02:22:00,530,1657077212,dashyszn,Brandon,,@Bamzeuss Thank you my bro !!,en,[],[],[],0,1,7,[],[],https://twitter.com/DashySZN/status/1384248439974686725,FALSE,,0,,,,,,,,"[{'screen_name': 'Bamzeuss', 'name': 'Leroy', 'id': '922197042'}]",,,,,,,,,,,,,,Positive,Relief
1.38425E+18,1.38425E+18,2021-04-20 02:20:34 IST,20-04-2021,02:20:34,530,1657077212,dashyszn,Brandon,,@BrianSaintt appreciate it brotha Brian üôèüèΩ,en,[],[],[],0,1,27,[],[],https://twitter.com/DashySZN/status/1384248076886417409,FALSE,,0,,,,,,,,"[{'screen_name': 'BrianSaintt', 'name': 'R√∏kkr Saintt', 'id': '137513452'}]",,,,,,,,,,,,,,Positive,Relief
1.38425E+18,1.38401E+18,2021-04-20 02:16:37 IST,20-04-2021,02:16:37,530,1657077212,dashyszn,Brandon,,@Ricky My guy Rick!! Ty brotha üôèüèΩ,en,[],[],[],0,2,33,[],[],https://twitter.com/DashySZN/status/1384247083838808069,FALSE,,0,,,,,,,,"[{'screen_name': 'Ricky', 'name': 'Ricky Stacy', 'id': '304124717'}]",,,,,,,,,,,,,,Positive,Relief
1.38425E+18,1.38425E+18,2021-04-20 02:16:23 IST,20-04-2021,02:16:23,530,1657077212,dashyszn,Brandon,,@Decemate that‚Äôs the best shit... appreciate it brother,en,[],[],[],0,1,48,[],[],https://twitter.com/DashySZN/status/1384247026536239109,FALSE,,0,,,,,,,,"[{'screen_name': 'Decemate', 'name': 'Homelander ‚òîÔ∏è', 'id': '598230672'}]",,,,,,,,,,,,,,Positive,Relief
1.38421E+18,1.38421E+18,2021-04-20 00:06:46 IST,20-04-2021,00:06:46,530,1657077212,dashyszn,Brandon,,@FormaL My bro üñ§ appreciate you legend for real,en,[],[],[],8,9,1894,[],[],https://twitter.com/DashySZN/status/1384214404057636870,FALSE,,0,,,,,,,,"[{'screen_name': 'FormaL', 'name': 'OpTic FormaL', 'id': '249524030'}]",,,,,,,,,,,,,,Positive,Excitement
1.3842E+18,1.3842E+18,2021-04-19 23:21:23 IST,19-04-2021,23:21:23,530,1657077212,dashyszn,Brandon,,@SpinnaSpence ayeee my guy Spence!! we gotta hit the rink soon,en,[],[],[],1,1,25,[],[],https://twitter.com/DashySZN/status/1384202983982833669,FALSE,,0,,,,,,,,"[{'screen_name': 'SpinnaSpence', 'name': 'Spencer Peterson', 'id': '54713657'}]",,,,,,,,,,,,,,Positive,Excitement
1.3842E+18,1.3842E+18,2021-04-19 23:20:18 IST,19-04-2021,23:20:18,530,1657077212,dashyszn,Brandon,,@OMGLove he should lowkey drop it tonight ... appreciate it kiran!! üñ§,en,[],[],[],0,2,27,[],[],https://twitter.com/DashySZN/status/1384202713408278540,FALSE,,0,,,,,,,,"[{'screen_name': 'OMGLove', 'name': 'Kiran', 'id': '37532342'}]",,,,,,,,,,,,,,Positive,Relief
1.3842E+18,1.3842E+18,2021-04-19 23:16:16 IST,19-04-2021,23:16:16,530,1657077212,dashyszn,Brandon,,@majormaniak thank you my bro üôèüèΩüêê,en,[],[],[],2,1,76,[],[],https://twitter.com/DashySZN/status/1384201699011678208,FALSE,,0,,,,,,,,"[{'screen_name': 'majormaniak', 'name': 'mike', 'id': '1596940411'}]",,,,,,,,,,,,,,Positive,Relief
1.3842E+18,1.3842E+18,2021-04-19 23:16:04 IST,19-04-2021,23:16:04,530,1657077212,dashyszn,Brandon,,@iLLeYYY appreciate you my brother üñ§üêâ,en,[],[],[],0,1,137,[],[],https://twitter.com/DashySZN/status/1384201648675778561,FALSE,,0,,,,,,,,"[{'screen_name': 'iLLeYYY', 'name': 'Empire iLLeY', 'id': '540448059'}]",,,,,,,,,,,,,,Positive,Relief
1.3842E+18,1.38401E+18,2021-04-19 22:57:26 IST,19-04-2021,22:57:26,530,1657077212,dashyszn,Brandon,,@Bance benjamin fkn bance.. thank you goat üêêüôèüèΩ,en,[],[],[],0,2,102,[],[],https://twitter.com/DashySZN/status/1384196957610995716,FALSE,,0,,,,,,,,"[{'screen_name': 'Bance', 'name': 'Ultra Bance', 'id': '2273422840'}]",,,,,,,,,,,,,,Positive,Relief
1.3842E+18,1.38401E+18,2021-04-19 22:55:48 IST,19-04-2021,22:55:48,530,1657077212,dashyszn,Brandon,,@Censor my bro appreciate it Doug üêêüôèüèΩ,en,[],[],[],0,2,81,[],[],https://twitter.com/DashySZN/status/1384196544987947011,FALSE,,0,,,,,,,,"[{'screen_name': 'Censor', 'name': 'Censor', 'id': '258022594'}]",,,,,,,,,,,,,,Positive,Relief
1.3842E+18,1.38419E+18,2021-04-19 22:54:42 IST,19-04-2021,22:54:42,530,1657077212,dashyszn,Brandon,,@OctaneSam ayeee appreciate it larew!! üôèüèΩ,en,[],[],[],1,2,286,[],[],https://twitter.com/DashySZN/status/1384196271561342979,FALSE,,0,,,,,,,,"[{'screen_name': 'OctaneSam', 'name': 'Sam Larew', 'id': '1861916071'}]",,,,,,,,,,,,,,Positive,Relief
1.3842E+18,1.38418E+18,2021-04-19 22:54:08 IST,19-04-2021,22:54:08,530,1657077212,dashyszn,Brandon,,@GODRX good looks goat!! üôèüèΩ,en,[],[],[],0,1,38,[],[],https://twitter.com/DashySZN/status/1384196126467788804,FALSE,,0,,,,,,,,"[{'screen_name': 'GODRX', 'name': 'BBG Adam', 'id': '770992993'}]",,,,,,,,,,,,,,Positive,Relief
1.3842E+18,1.38418E+18,2021-04-19 22:53:48 IST,19-04-2021,22:53:48,530,1657077212,dashyszn,Brandon,,@BoZe My guy.. appreciate you money b üôèüèΩ,en,[],[],[],1,1,116,[],[],https://twitter.com/DashySZN/status/1384196042594209795,FALSE,,0,,,,,,,,"[{'screen_name': 'BoZe', 'name': 'OpTic MBoZe', 'id': '267740145'}]",,,,,,,,,,,,,,Positive,Relief
1.3842E+18,1.38415E+18,2021-04-19 22:53:00 IST,19-04-2021,22:53:00,530,1657077212,dashyszn,Brandon,,@Maux happy birthday to us my brotha üôèüèΩü•Ç,en,[],[],[],0,1,38,[],[],https://twitter.com/DashySZN/status/1384195842047762435,FALSE,,0,,,,,,,,"[{'screen_name': 'Maux', 'name': 'chance', 'id': '1679964324'}]",,,,,,,,,,,,,,Positive,Excitement
1.3842E+18,1.38401E+18,2021-04-19 22:52:34 IST,19-04-2021,22:52:34,530,1657077212,dashyszn,Brandon,,@JPKrez Thank you analytical goat üôèüèΩ,en,[],[],[],0,2,24,[],[],https://twitter.com/DashySZN/status/1384195733524385798,FALSE,,0,,,,,,,,"[{'screen_name': 'JPKrez', 'name': 'JP', 'id': '343479206'}]",,,,,,,,,,,,,,Positive,Relief
1.3842E+18,1.38401E+18,2021-04-19 22:51:32 IST,19-04-2021,22:51:32,530,1657077212,dashyszn,Brandon,,"@ramboray thank you ray, Leafs nation tho !!",en,[],[],[],0,2,50,[],[],https://twitter.com/DashySZN/status/1384195473716629514,FALSE,,0,,,,,,,,"[{'screen_name': 'ramboray', 'name': 'Ray', 'id': '38070776'}]",,,,,,,,,,,,,,Positive,Relief
1.3842E+18,1.38401E+18,2021-04-19 22:49:51 IST,19-04-2021,22:49:51,530,1657077212,dashyszn,Brandon,,@TylerTeeP appreciate you T miss ya bro !!,en,[],[],[],0,2,124,[],[],https://twitter.com/DashySZN/status/1384195049198555139,FALSE,,0,,,,,,,,"[{'screen_name': 'TylerTeeP', 'name': 'TeeP', 'id': '222221274'}]",,,,,,,,,,,,,,Positive,Hope
1.38419E+18,1.38413E+18,2021-04-19 22:49:15 IST,19-04-2021,22:49:15,530,1657077212,dashyszn,Brandon,,@Blazt my brother... appreciate you üñ§,en,[],[],[],0,1,61,[],[],https://twitter.com/DashySZN/status/1384194899231137797,FALSE,,0,,,,,,,,"[{'screen_name': 'Blazt', 'name': 'rasim', 'id': '1524109363'}]",,,,,,,,,,,,,,Positive,Relief
1.38406E+18,1.38406E+18,2021-04-19 14:07:05 IST,19-04-2021,14:07:05,530,1657077212,dashyszn,Brandon,,@NmtNiko thank you brotha üñ§üôèüèΩ,en,[],[],[],0,1,33,[],[],https://twitter.com/DashySZN/status/1384063492051722244,FALSE,,0,,,,,,,,"[{'screen_name': 'NmtNiko', 'name': 'BabeyyyBlueee', 'id': '1103929485697536000'}]",,,,,,,,,,,,,,Positive,Relief
1.38406E+18,1.38401E+18,2021-04-19 13:51:17 IST,19-04-2021,13:51:17,530,1657077212,dashyszn,Brandon,,@CrypticNoHoes really hoping she sees this for real ü§ûüèΩ,en,[],[],[],0,2,101,[],[],https://twitter.com/DashySZN/status/1384059515725697026,FALSE,,0,,,,,,,,"[{'screen_name': 'CrypticNoHoes', 'name': 'cryptic incognito', 'id': '1357094550033039361'}]",,,,,,,,,,,,,,Positive,Hope
1.38406E+18,1.38401E+18,2021-04-19 13:48:06 IST,19-04-2021,13:48:06,530,1657077212,dashyszn,Brandon,,@HamzaFrosty next up appreciate it bro üôèüèΩ,en,[],[],[],0,2,31,[],[],https://twitter.com/DashySZN/status/1384058714768900102,FALSE,,0,,,,,,,,"[{'screen_name': 'HamzaFrosty', 'name': 'NYSL Hamza', 'id': '1029872987720183808'}]",,,,,,,,,,,,,,Positive,Relief
1.38406E+18,1.38401E+18,2021-04-19 13:47:42 IST,19-04-2021,13:47:42,530,1657077212,dashyszn,Brandon,,@ItsLauraBearr appreciate it Laura :) üôèüèΩ,it,[],[],[],0,1,14,[],[],https://twitter.com/DashySZN/status/1384058614164328453,FALSE,,0,,,,,,,,"[{'screen_name': 'ItsLauraBearr', 'name': 'Laura  ï‚Ä¢·¥•‚Ä¢ î', 'id': '547216527'}]",,,,,,,,,,,,,,Positive,Relief
1.38406E+18,1.38401E+18,2021-04-19 13:47:09 IST,19-04-2021,13:47:09,530,1657077212,dashyszn,Brandon,,@SirScrappy_ my guy scrap!! üòé,en,[],[],[],0,1,11,[],[],https://twitter.com/DashySZN/status/1384058472690446340,FALSE,,0,,,,,,,,"[{'screen_name': 'SirScrappy_', 'name': 'Scrap', 'id': '3112458273'}]",,,,,,,,,,,,,,Positive,Excitement
1.38406E+18,1.38401E+18,2021-04-19 13:45:06 IST,19-04-2021,13:45:06,530,1657077212,dashyszn,Brandon,,@Bloomyxo appreciate it !! :),en,[],[],[],4,1,50,[],[],https://twitter.com/DashySZN/status/1384057960196820999,FALSE,,0,,,,,,,,"[{'screen_name': 'Bloomyxo', 'name': 'BLOOMY', 'id': '1184589710443696128'}]",,,,,,,,,,,,,,Positive,Excitement
1.38406E+18,1.38401E+18,2021-04-19 13:44:01 IST,19-04-2021,13:44:01,530,1657077212,dashyszn,Brandon,,@Semtexable appreciate you my guy,en,[],[],[],1,1,23,[],[],https://twitter.com/DashySZN/status/1384057686417833984,FALSE,,0,,,,,,,,"[{'screen_name': 'Semtexable', 'name': 'NYSL Sem | Hunter', 'id': '783577231'}]",,,,,,,,,,,,,,Positive,Relief
1.38406E+18,1.38401E+18,2021-04-19 13:43:16 IST,19-04-2021,13:43:16,530,1657077212,dashyszn,Brandon,,@Jukeyz thank you goat üôèüèΩ,en,[],[],[],0,3,42,[],[],https://twitter.com/DashySZN/status/1384057498362015748,FALSE,,0,,,,,,,,"[{'screen_name': 'Jukeyz', 'name': 'Li', 'id': '842865091993354240'}]",,,,,,,,,,,,,,Positive,Relief
1.38406E+18,1.38401E+18,2021-04-19 13:40:54 IST,19-04-2021,13:40:54,530,1657077212,dashyszn,Brandon,,@YenSauce appreciate it jen!!,en,[],[],[],0,1,26,[],[],https://twitter.com/DashySZN/status/1384056901361487876,FALSE,,0,,,,,,,,"[{'screen_name': 'YenSauce', 'name': 'Jen', 'id': '855777121'}]",,,,,,,,,,,,,,Positive,Relief
1.38405E+18,1.38401E+18,2021-04-19 13:04:11 IST,19-04-2021,13:04:11,530,1657077212,dashyszn,Brandon,,@catlyncrespo thanks cate!!,en,[],[],[],0,1,28,[],[],https://twitter.com/DashySZN/status/1384047659665694720,FALSE,,0,,,,,,,,"[{'screen_name': 'catlyncrespo', 'name': 'cate ü¶ã', 'id': '1908978840'}]",,,,,,,,,,,,,,Positive,Relief
1.38405E+18,1.38401E+18,2021-04-19 13:00:22 IST,19-04-2021,13:00:22,530,1657077212,dashyszn,Brandon,,@Volants thank you brotha vo,en,[],[],[],0,1,7,[],[],https://twitter.com/DashySZN/status/1384046700935802882,FALSE,,0,,,,,,,,"[{'screen_name': 'Volants', 'name': 'vo', 'id': '2736904544'}]",,,,,,,,,,,,,,Positive,Relief
1.38405E+18,1.38401E+18,2021-04-19 12:59:52 IST,19-04-2021,12:59:52,530,1657077212,dashyszn,Brandon,,@Staaandy thank you bro üôèüèΩ,en,[],[],[],0,2,103,[],[],https://twitter.com/DashySZN/status/1384046573668102147,FALSE,,0,,,,,,,,"[{'screen_name': 'Staaandy', 'name': 'Standy', 'id': '911683196416339968'}]",,,,,,,,,,,,,,Positive,Relief
1.38405E+18,1.38401E+18,2021-04-19 12:59:24 IST,19-04-2021,12:59:24,530,1657077212,dashyszn,Brandon,,@Jagg3rKNoT ty brotha üôèüèΩ,en,[],[],[],0,1,12,[],[],https://twitter.com/DashySZN/status/1384046457058037763,FALSE,,0,,,,,,,,"[{'screen_name': 'Jagg3rKNoT', 'name': 'Jag', 'id': '3157068775'}]",,,,,,,,,,,,,,Positive,Relief
1.38404E+18,1.38401E+18,2021-04-19 12:52:23 IST,19-04-2021,12:52:23,530,1657077212,dashyszn,Brandon,,@ZooMaa My guy... keep killing it bro ü§ùüêê,en,[],[],[],1,2,334,[],[],https://twitter.com/DashySZN/status/1384044691432247303,FALSE,,0,,,,,,,,"[{'screen_name': 'ZooMaa', 'name': 'NYSL ZooMaa', 'id': '420606751'}]",,,,,,,,,,,,,,Positive,Excitement
1.38404E+18,1.38401E+18,2021-04-19 12:50:31 IST,19-04-2021,12:50:31,530,1657077212,dashyszn,Brandon,,@Jeeiro appreciate it brotha üòé,en,[],[],[],0,1,17,[],[],https://twitter.com/DashySZN/status/1384044223129808905,FALSE,,0,,,,,,,,"[{'screen_name': 'Jeeiro', 'name': 'Cruce', 'id': '1269706212851023873'}]",,,,,,,,,,,,,,Positive,Excitement
1.38404E+18,1.38401E+18,2021-04-19 12:37:42 IST,19-04-2021,12:37:42,530,1657077212,dashyszn,Brandon,,@demisxxual thank you demi !!,en,[],[],[],4,2,69,[],[],https://twitter.com/DashySZN/status/1384040998259486725,FALSE,,0,,,,,,,,"[{'screen_name': 'demisxxual', 'name': 'siomani', 'id': '1400544530'}]",,,,,,,,,,,,,,Positive,Relief
1.38404E+18,1.38401E+18,2021-04-19 12:35:00 IST,19-04-2021,12:35:00,530,1657077212,dashyszn,Brandon,,@Methodz appreciate it brother üêê,en,[],[],[],0,2,181,[],[],https://twitter.com/DashySZN/status/1384040317205114883,FALSE,,0,,,,,,,,"[{'screen_name': 'Methodz', 'name': 'Ultra Methodz', 'id': '286489488'}]",,,,,,,,,,,,,,Positive,Relief
1.38404E+18,1.38401E+18,2021-04-19 12:34:28 IST,19-04-2021,12:34:28,530,1657077212,dashyszn,Brandon,,@Pamaj Thank WZ duo üôèüèΩüêê,nl,[],[],[],0,2,182,[],[],https://twitter.com/DashySZN/status/1384040181737484292,FALSE,,0,,,,,,,,"[{'screen_name': 'Pamaj', 'name': 'FaZe Pamaj', 'id': '348056057'}]",,,,,,,,,,,,,,Positive,Relief
1.38404E+18,1.38401E+18,2021-04-19 12:34:11 IST,19-04-2021,12:34:11,530,1657077212,dashyszn,Brandon,,@klind13 Thank you brotha üôèüèΩ,en,[],[],[],0,2,20,[],[],https://twitter.com/DashySZN/status/1384040112409833477,FALSE,,0,,,,,,,,"[{'screen_name': 'klind13', 'name': 'Kole Lind', 'id': '851820613'}]",,,,,,,,,,,,,,Positive,Relief
1.38403E+18,1.38401E+18,2021-04-19 11:36:11 IST,19-04-2021,11:36:11,530,1657077212,dashyszn,Brandon,,@JKap415 appreciate it Coach K üêê,en,[],[],[],0,2,149,[],[],https://twitter.com/DashySZN/status/1384025514080235529,FALSE,,0,,,,,,,,"[{'screen_name': 'JKap415', 'name': 'Jordan Kaplan', 'id': '252791673'}]",,,,,,,,,,,,,,Positive,Relief
1.38403E+18,1.38401E+18,2021-04-19 11:35:52 IST,19-04-2021,11:35:52,530,1657077212,dashyszn,Brandon,,@7Prolute good looks my bro,en,[],[],[],0,1,38,[],[],https://twitter.com/DashySZN/status/1384025437420933120,FALSE,,0,,,,,,,,"[{'screen_name': '7Prolute', 'name': 'NYSL Prolute', 'id': '1370600675344846848'}]",,,,,,,,,,,,,,Positive,Relief
1.38402E+18,1.38401E+18,2021-04-19 11:29:56 IST,19-04-2021,11:29:56,530,1657077212,dashyszn,Brandon,,@Class my fkn guy... appreciate you üôèüèΩü§ù,en,[],[],[],0,2,89,[],[],https://twitter.com/DashySZN/status/1384023941853835267,FALSE,,0,,,,,,,,"[{'screen_name': 'Class', 'name': 'Classify üòº', 'id': '2941214692'}]",,,,,,,,,,,,,,Negative,Excitement
1.38402E+18,1.38401E+18,2021-04-19 11:29:22 IST,19-04-2021,11:29:22,530,1657077212,dashyszn,Brandon,,@SimpXO appreciate it bro üôèüèΩ,en,[],[],[],0,2,209,[],[],https://twitter.com/DashySZN/status/1384023802099625990,FALSE,,0,,,,,,,,"[{'screen_name': 'SimpXO', 'name': 'FaZe Simp', 'id': '2313386319'}]",,,,,,,,,,,,,,Positive,Relief
1.38402E+18,1.38402E+18,2021-04-19 11:27:31 IST,19-04-2021,11:27:31,530,1657077212,dashyszn,Brandon,,@AccuracyLA appreciate it brotha üôèüèΩ,en,[],[],[],0,1,139,[],[],https://twitter.com/DashySZN/status/1384023335978246152,FALSE,,0,,,,,,,,"[{'screen_name': 'AccuracyLA', 'name': 'Lamar ‚ùÑÔ∏è', 'id': '329941020'}]",,,,,,,,,,,,,,Positive,Relief
1.38402E+18,1.38401E+18,2021-04-19 11:26:51 IST,19-04-2021,11:26:51,530,1657077212,dashyszn,Brandon,,@Slacked brotha JB good looks !!,en,[],[],[],0,2,127,[],[],https://twitter.com/DashySZN/status/1384023168772284420,FALSE,,0,,,,,,,,"[{'screen_name': 'Slacked', 'name': 'Josiah Berry', 'id': '275359872'}]",,,,,,,,,,,,,,Positive,Relief
1.38402E+18,1.38401E+18,2021-04-19 11:26:32 IST,19-04-2021,11:26:32,530,1657077212,dashyszn,Brandon,,@Rallied Appreciate it my bro üòÇüêê,en,[],[],[],0,2,84,[],[],https://twitter.com/DashySZN/status/1384023086161227783,FALSE,,0,,,,,,,,"[{'screen_name': 'Rallied', 'name': 'Ral', 'id': '1232018424'}]",,,,,,,,,,,,,,Positive,Relief
1.38402E+18,1.38401E+18,2021-04-19 11:24:40 IST,19-04-2021,11:24:40,530,1657077212,dashyszn,Brandon,,@Attach appreciate it bro üôèüèΩ,en,[],[],[],0,2,202,[],[],https://twitter.com/DashySZN/status/1384022618567692288,FALSE,,0,,,,,,,,"[{'screen_name': 'Attach', 'name': 'MN Attach', 'id': '865228975'}]",,,,,,,,,,,,,,Positive,Relief
1.38402E+18,1.38401E+18,2021-04-19 11:24:15 IST,19-04-2021,11:24:15,530,1657077212,dashyszn,Brandon,,@Cellium ty MC!! üêê,pl,[],[],[],0,2,148,[],[],https://twitter.com/DashySZN/status/1384022513672359936,FALSE,,0,,,,,,,,"[{'screen_name': 'Cellium', 'name': 'FaZe Cellium', 'id': '2261155832'}]",,,,,,,,,,,,,,Positive,Relief
1.38402E+18,1.38401E+18,2021-04-19 11:00:23 IST,19-04-2021,11:00:23,530,1657077212,dashyszn,Brandon,,@Temp brotha Don appreciate it,en,[],[],[],0,2,134,[],[],https://twitter.com/DashySZN/status/1384016505906425856,FALSE,,0,,,,,,,,"[{'screen_name': 'Temp', 'name': 'Donovan', 'id': '326579770'}]",,,,,,,,,,,,,,Positive,Relief
1.38402E+18,1.38401E+18,2021-04-19 10:56:13 IST,19-04-2021,10:56:13,530,1657077212,dashyszn,Brandon,,@silly702 ty justin!,en,[],[],[],0,2,86,[],[],https://twitter.com/DashySZN/status/1384015456315482113,FALSE,,0,,,,,,,,"[{'screen_name': 'silly702', 'name': 'justin fargo-p', 'id': '2869512074'}]",,,,,,,,,,,,,,Positive,Relief
1.38401E+18,1.38401E+18,2021-04-19 10:49:27 IST,19-04-2021,10:49:27,530,1657077212,dashyszn,Brandon,,@Kuavo Good looks brotha üôèüèΩ,en,[],[],[],0,2,226,[],[],https://twitter.com/DashySZN/status/1384013755915202560,FALSE,,0,,,,,,,,"[{'screen_name': 'Kuavo', 'name': 'üáµüá≠Kylo Ken', 'id': '831981685'}]",,,,,,,,,,,,,,Positive,Relief
1.38401E+18,1.38401E+18,2021-04-19 10:49:09 IST,19-04-2021,10:49:09,530,1657077212,dashyszn,Brandon,,@Apathy_BZ appreciate it brotha man!!,en,[],[],[],0,1,87,[],[],https://twitter.com/DashySZN/status/1384013679021084676,FALSE,,0,,,,,,,,"[{'screen_name': 'Apathy_BZ', 'name': 'Apathy', 'id': '282399145'}]",,,,,,,,,,,,,,Positive,Relief
1.38401E+18,1.38401E+18,2021-04-19 10:48:27 IST,19-04-2021,10:48:27,530,1657077212,dashyszn,Brandon,,@Parasite Waggy lets goooo ty my guy,en,[],[],[],0,2,164,[],[],https://twitter.com/DashySZN/status/1384013501266415619,FALSE,,0,,,,,,,,"[{'screen_name': 'Parasite', 'name': 'Christopher Duarte', 'id': '258677858'}]",,,,,,,,,,,,,,Positive,Relief
1.38401E+18,1.38401E+18,2021-04-19 10:47:00 IST,19-04-2021,10:47:00,530,1657077212,dashyszn,Brandon,,@Drazah_ absolute unit out there kid appreciate it,en,[],[],[],0,2,150,[],[],https://twitter.com/DashySZN/status/1384013139755167745,FALSE,,0,,,,,,,,"[{'screen_name': 'Drazah_', 'name': 'Zack', 'id': '4296408913'}]",,,,,,,,,,,,,,Positive,Relief
1.38401E+18,1.38401E+18,2021-04-19 10:46:36 IST,19-04-2021,10:46:36,530,1657077212,dashyszn,Brandon,,@Arcitys appreciate it üêê,en,[],[],[],1,3,437,[],[],https://twitter.com/DashySZN/status/1384013036457922564,FALSE,,0,,,,,,,,"[{'screen_name': 'Arcitys', 'name': 'FaZe Alec ü•Ä', 'id': '2390673350'}]",,,,,,,,,,,,,,Positive,Relief
1.38401E+18,1.38401E+18,2021-04-19 10:45:55 IST,19-04-2021,10:45:55,530,1657077212,dashyszn,Brandon,,@ShadyG good looks brotha !!,en,[],[],[],0,1,41,[],[],https://twitter.com/DashySZN/status/1384012866718617602,FALSE,,0,,,,,,,,"[{'screen_name': 'ShadyG', 'name': 'Rise SHADY', 'id': '2546973722'}]",,,,,,,,,,,,,,Positive,NA
1.38401E+18,1.38401E+18,2021-04-19 10:45:20 IST,19-04-2021,10:45:20,530,1657077212,dashyszn,Brandon,,@Fire40 brotha Luis appreciate it,en,[],[],[],0,2,114,[],[],https://twitter.com/DashySZN/status/1384012720156987396,FALSE,,0,,,,,,,,"[{'screen_name': 'Fire40', 'name': 'Fire', 'id': '2942474141'}]",,,,,,,,,,,,,,Positive,Relief
1.38401E+18,1.38401E+18,2021-04-19 10:44:54 IST,19-04-2021,10:44:54,530,1657077212,dashyszn,Brandon,,@MilesTheRoss appreciate it miles !!,en,[],[],[],1,2,122,[],[],https://twitter.com/DashySZN/status/1384012611486765056,FALSE,,0,,,,,,,,"[{'screen_name': 'MilesTheRoss', 'name': 'Miles Ross Jnr', 'id': '54509352'}]",,,,,,,,,,,,,,Positive,Relief
1.38401E+18,1.38401E+18,2021-04-19 10:44:00 IST,19-04-2021,10:44:00,530,1657077212,dashyszn,Brandon,,@FrostyBB appreciate it legend üêê,en,[],[],[],0,3,79,[],[],https://twitter.com/DashySZN/status/1384012382100357125,FALSE,,0,,,,,,,,"[{'screen_name': 'FrostyBB', 'name': 'SEN Frosty', 'id': '436359211'}]",,,,,,,,,,,,,,Positive,Relief
1.38401E+18,1.38401E+18,2021-04-19 10:43:41 IST,19-04-2021,10:43:41,530,1657077212,dashyszn,Brandon,,@GstaAsim canadian duo appreciate it brotha ü§ù,en,[],[],[],0,1,173,[],[],https://twitter.com/DashySZN/status/1384012303494914054,FALSE,,0,,,,,,,,"[{'screen_name': 'GstaAsim', 'name': 'NYSL Asim', 'id': '1126309800'}]",,,,,,,,,,,,,,Positive,Relief
1.38401E+18,1.38401E+18,2021-04-19 10:43:05 IST,19-04-2021,10:43:05,530,1657077212,dashyszn,Brandon,,@TJHaLy brotha teej.. appreciate it !!üôèüèΩ,en,[],[],[],0,4,268,[],[],https://twitter.com/DashySZN/status/1384012152659320839,FALSE,,0,,,,,,,,"[{'screen_name': 'TJHaLy', 'name': 'Tj', 'id': '1212292046'}]",,,,,,,,,,,,,,Positive,Relief
1.38401E+18,1.38401E+18,2021-04-19 10:41:59 IST,19-04-2021,10:41:59,530,1657077212,dashyszn,Brandon,,@SaintsNato My guy ü§ù appreciate it !!,en,[],[],[],0,2,121,[],[],https://twitter.com/DashySZN/status/1384011874799210501,FALSE,,0,,,,,,,,"[{'screen_name': 'SaintsNato', 'name': 'NYSL Nat0', 'id': '271697994'}]",,,,,,,,,,,,,,Positive,Relief
1.38401E+18,1.38401E+18,2021-04-19 10:41:32 IST,19-04-2021,10:41:32,530,1657077212,dashyszn,Brandon,,@VividTheWarrior 8s duo appreciate it,en,[],[],[],0,2,83,[],[],https://twitter.com/DashySZN/status/1384011762836541443,FALSE,,0,,,,,,,,"[{'screen_name': 'VividTheWarrior', 'name': 'Reece', 'id': '2344166774'}]",,,,,,,,,,,,,,Positive,Relief
1.38401E+18,1.38401E+18,2021-04-19 10:40:52 IST,19-04-2021,10:40:52,530,1657077212,dashyszn,Brandon,,@Sender goach let‚Äôs it !!,en,[],[],[],0,3,334,[],[],https://twitter.com/DashySZN/status/1384011593244037120,FALSE,,0,,,,,,,,"[{'screen_name': 'Sender', 'name': 'OpTic Sender', 'id': '416459532'}]",,,,,,,,,,,,,,Positive,Relief
1.38401E+18,1.38401E+18,2021-04-19 10:40:15 IST,19-04-2021,10:40:15,530,1657077212,dashyszn,Brandon,,@NNeptuunE appreciate it goat,en,[],[],[],0,3,138,[],[],https://twitter.com/DashySZN/status/1384011440961376259,FALSE,,0,,,,,,,,"[{'screen_name': 'NNeptuunE', 'name': 'Travis', 'id': '808425563803320320'}]",,,,,,,,,,,,,,Positive,Relief
1.38401E+18,1.38401E+18,2021-04-19 10:38:59 IST,19-04-2021,10:38:59,530,1657077212,dashyszn,Brandon,,22ü•≥üôèüèΩ,und,[],[],[],787,232,12263,[],[],https://twitter.com/DashySZN/status/1384011122026504198,FALSE,,0,,,,,,,,[],,,,,,,,,,,,,,Positive,Relief
1.38371E+18,1.38371E+18,2021-04-18 14:32:11 IST,18-04-2021,14:32:11,530,1657077212,dashyszn,Brandon,,@SaintsNato  https://t.co/hYp0cHDRHH,und,[],[],['https://pbs.twimg.com/tweet_video_thumb/EzPqjzYVUAgWM6Q.jpg'],1,1,107,[],[],https://twitter.com/DashySZN/status/1383707418291367946,FALSE,,1,https://pbs.twimg.com/tweet_video_thumb/EzPqjzYVUAgWM6Q.jpg,,,,,,,[],,,,,,,,,,,,,,NA,NA
1.3837E+18,1.38369E+18,2021-04-18 13:56:11 IST,18-04-2021,13:56:11,530,1657077212,dashyszn,Brandon,,@H3CZ @scump @DylanEnvoy ‚Äúyo dyl peep this‚Äù,en,[],[],[],1,2,500,[],[],https://twitter.com/DashySZN/status/1383698360327016451,FALSE,,0,,,,,,,,"[{'screen_name': 'H3CZ', 'name': 'OpTic HECZ', 'id': '90779436'}, {'screen_name': 'scump', 'name': 'OpTic Scump', 'id': '272570677'}, {'screen_name': 'DylanEnvoy', 'name': 'OpTic Envoy', 'id': '925159100257849345'}]",,,,,,,,,,,,,,,
1.3837E+18,1.38369E+18,2021-04-18 13:46:55 IST,18-04-2021,13:46:55,530,1657077212,dashyszn,Brandon,,@scump @DylanEnvoy it be like that sometimes üò≠,en,[],[],[],3,2,710,[],[],https://twitter.com/DashySZN/status/1383696027463520261,FALSE,,0,,,,,,,,"[{'screen_name': 'scump', 'name': 'OpTic Scump', 'id': '272570677'}, {'screen_name': 'DylanEnvoy', 'name': 'OpTic Envoy', 'id': '925159100257849345'}]",,,,,,,,,,,,,,Positive,Relief
1.38369E+18,1.38369E+18,2021-04-18 13:21:09 IST,18-04-2021,13:21:09,530,1657077212,dashyszn,Brandon,,@DylanEnvoy  https://t.co/lOfVe6JJLt,und,[],[],['https://pbs.twimg.com/tweet_video_thumb/EzPaTLyUUAgW5nC.jpg'],23,40,3329,[],[],https://twitter.com/DashySZN/status/1383689544952729602,FALSE,,1,https://pbs.twimg.com/tweet_video_thumb/EzPaTLyUUAgW5nC.jpg,,,,,,,[],,,,,,,,,,,,,,NA,NA
