id,conversation_id,created_at,date,time,timezone,user_id,username,name,place,tweet,language,mentions,urls,photos,replies_count,retweets_count,likes_count,hashtags,cashtags,link,retweet,quote_url,video,thumbnail,near,geo,source,user_rt_id,user_rt,retweet_id,reply_to,retweet_date,translate,trans_src,trans_dest,,,,,,,,,,,,Sentiment,Emotions
1.38533E+18,1.38493E+18,2021-04-23 01:56:05 IST,23-04-2021,01:56:05,530,783214,twitter,Twitter,,"@corietjohnson speaking for everyone, no",en,[],[],[],14,16,1626,[],[],https://twitter.com/Twitter/status/1385329078862024712,FALSE,,0,,,,,,,,"[{'screen_name': 'corietjohnson', 'name': 'corie johnson', 'id': '335991846'}]",,,,,,,,,,,,,,,,Positive,Hope
1.38466E+18,1.38466E+18,2021-04-21 05:35:46 IST,21-04-2021,05:35:46,530,783214,twitter,Twitter,,the work continues,en,[],[],[],408,521,5050,[],[],https://twitter.com/Twitter/status/1384659589778612226,FALSE,https://twitter.com/TwitterTogether/status/1384618224889729024,0,,,,,,,,[],,,,,,,,,,,,,,,,Positive,Relief
1.38457E+18,1.38457E+18,2021-04-20 23:48:53 IST,20-04-2021,23:48:53,530,783214,twitter,Twitter,,"@djarinculture thank you for the research, bestie",en,[],[],[],9,7,126,[],[],https://twitter.com/Twitter/status/1384572293058289666,FALSE,,0,,,,,,,,"[{'screen_name': 'djarinculture', 'name': 'janet', 'id': '1340949971353432064'}]",,,,,,,,,,,,,,,,Positive,Excitement
1.38457E+18,1.38416E+18,2021-04-20 23:26:01 IST,20-04-2021,23:26:01,530,783214,twitter,Twitter,,@Skoog pretty much correct,en,[],[],[],5,1,60,[],[],https://twitter.com/Twitter/status/1384566538934620160,FALSE,,0,,,,,,,,"[{'screen_name': 'Skoog', 'name': 'Oh Skoog', 'id': '843035659'}]",,,,,,,,,,,,,,,,Positive,Relief
1.38457E+18,1.38346E+18,2021-04-20 23:26:01 IST,20-04-2021,23:26:01,530,783214,twitter,Twitter,,"@MoniNextDoor ""just said I do LMAOOOO""",en,[],[],[],4,0,12,[],[],https://twitter.com/Twitter/status/1384566538884329472,FALSE,,0,,,,,,,,"[{'screen_name': 'MoniNextDoor', 'name': 'Yumeko Jabami‚ú®', 'id': '39850467'}]",,,,,,,,,,,,,,,,Positive,Excitement
1.38457E+18,1.38457E+18,2021-04-20 23:22:13 IST,20-04-2021,23:22:13,530,783214,twitter,Twitter,,now you can bless the Tweets in your Fleets with pics of baby pigeons or whatever pics and vids you want really  rolling out on iOS  https://t.co/LAtuRvTTFv,en,[],[],"['https://pbs.twimg.com/media/Ezb3DtFWEAM5-QN.jpg', 'https://pbs.twimg.com/media/Ezb3D6nXIAEO3kH.jpg']",653,683,4754,[],[],https://twitter.com/Twitter/status/1384565583530840067,FALSE,,1,https://pbs.twimg.com/media/Ezb3DtFWEAM5-QN.jpg,,,,,,,[],,,,,,,,,,,,,,,,Positive,Optimism
1.38031E+18,1.38031E+18,2021-04-09 05:18:06 IST,09-04-2021,05:18:06,530,783214,twitter,Twitter,,"RT for tired, like for very tired",en,[],[],[],2835,21556,119328,[],[],https://twitter.com/Twitter/status/1380306486962782208,FALSE,,0,,,,,,,,[],,,,,,,,,,,,,,,,Positive,NA
1.3795E+18,1.37949E+18,2021-04-06 23:45:08 IST,06-04-2021,23:45:08,530,783214,twitter,Twitter,,@dinoman_j we're they,en,[],[],[],26,28,1470,[],[],https://twitter.com/Twitter/status/1379497921004064769,FALSE,,0,,,,,,,,"[{'screen_name': 'dinoman_j', 'name': 'dinosaur', 'id': '1304794047811325956'}]",,,,,,,,,,,,,,,,Neutral,NA
1.3795E+18,1.37949E+18,2021-04-06 23:35:44 IST,06-04-2021,23:35:44,530,783214,twitter,Twitter,,@MirandaBassagi are you sure they're the one?,en,[],[],[],13,4,123,[],[],https://twitter.com/Twitter/status/1379495553139085323,FALSE,,0,,,,,,,,"[{'screen_name': 'MirandaBassagi', 'name': 'ExtraOrdinary Woman', 'id': '345969236'}]",,,,,,,,,,,,,,,,Positive,Hope
1.3795E+18,1.37949E+18,2021-04-06 23:35:23 IST,06-04-2021,23:35:23,530,783214,twitter,Twitter,,@makeart it's basic math really,en,[],[],[],10,7,115,[],[],https://twitter.com/Twitter/status/1379495464022720514,FALSE,,0,,,,,,,,"[{'screen_name': 'makeart', 'name': 'üé®', 'id': '15746935'}]",,,,,,,,,,,,,,,,Neutral,NA
1.37949E+18,1.37949E+18,2021-04-06 23:32:58 IST,06-04-2021,23:32:58,530,783214,twitter,Twitter,,@njl_mr it was a hint,en,[],[],[],7,1,57,[],[],https://twitter.com/Twitter/status/1379494856628703234,FALSE,,0,,,,,,,,"[{'screen_name': 'njl_mr', 'name': 'Lila‚Å∑', 'id': '1324446091723468800'}]",,,,,,,,,,,,,,,,Neutral,Hope
1.37949E+18,1.37949E+18,2021-04-06 23:29:59 IST,06-04-2021,23:29:59,530,783214,twitter,Twitter,,@niallsbwcolors you didn't see this then,en,[],[],[],5,0,41,[],[],https://twitter.com/Twitter/status/1379494105605144579,FALSE,,0,,,,,,,,"[{'screen_name': 'niallsbwcolors', 'name': 'Andreaüñ§', 'id': '1231966347661398019'}]",,,,,,,,,,,,,,,,Neutral,Fear
1.37949E+18,1.37949E+18,2021-04-06 23:29:46 IST,06-04-2021,23:29:46,530,783214,twitter,Twitter,,@RealCosimino goals,en,[],[],[],3,4,73,[],[],https://twitter.com/Twitter/status/1379494050991120387,FALSE,,0,,,,,,,,"[{'screen_name': 'RealCosimino', 'name': 'Supermino ü¶∏', 'id': '1280588991734087681'}]",,,,,,,,,,,,,,,,Neutral,Hope
1.37949E+18,1.37949E+18,2021-04-06 23:28:08 IST,06-04-2021,23:28:08,530,783214,twitter,Twitter,,@jimin_snuck_in playing hard to get,en,[],[],[],4,5,233,[],[],https://twitter.com/Twitter/status/1379493641668939784,FALSE,,0,,,,,,,,[],,,,,,,,,,,,,,,,Positive,NA
1.37949E+18,1.37949E+18,2021-04-06 23:24:53 IST,06-04-2021,23:24:53,530,783214,twitter,Twitter,,@stiinkyrue Maybe he LIKES your Tweets he just doesn't like like them,en,[],[],[],3,3,202,[],[],https://twitter.com/Twitter/status/1379492822869479424,FALSE,,0,,,,,,,,"[{'screen_name': 'stiinkyrue', 'name': 'rue :(', 'id': '1084208482964856832'}]",,,,,,,,,,,,,,,,Neutral,NA
1.37949E+18,1.37949E+18,2021-04-06 23:24:24 IST,06-04-2021,23:24:24,530,783214,twitter,Twitter,,@vildanzengin_ you're welcome for the free brain workout,en,[],[],[],3,10,356,[],[],https://twitter.com/Twitter/status/1379492700869775362,FALSE,,0,,,,,,,,"[{'screen_name': 'vildanzengin_', 'name': 'vildan', 'id': '1213952728168189952'}]",,,,,,,,,,,,,,,,Positive,Excitement
1.37949E+18,1.37949E+18,2021-04-06 23:23:55 IST,06-04-2021,23:23:55,530,783214,twitter,Twitter,,@pvrkeroos we're a mirror today,en,[],[],[],15,16,363,[],[],https://twitter.com/Twitter/status/1379492579163660292,FALSE,,0,,,,,,,,"[{'screen_name': 'pvrkeroos', 'name': 'Ÿãabbie', 'id': '1314291217417592834'}]",,,,,,,,,,,,,,,,Neutral,Relief
1.37949E+18,1.37949E+18,2021-04-06 23:23:34 IST,06-04-2021,23:23:34,530,783214,twitter,Twitter,,@emilybernay must mean they like you,en,[],[],[],9,12,640,[],[],https://twitter.com/Twitter/status/1379492493826342912,FALSE,,0,,,,,,,,"[{'screen_name': 'emilybernay', 'name': 'Emily', 'id': '290827311'}]",,,,,,,,,,,,,,,,Positive,Hope
1.37949E+18,1.37949E+18,2021-04-06 23:16:57 IST,06-04-2021,23:16:57,530,783214,twitter,Twitter,,do they like you or do they just like your Tweet,en,[],[],[],5711,8495,68172,[],[],https://twitter.com/Twitter/status/1379490826171072514,FALSE,,0,,,,,,,,[],,,,,,,,,,,,,,,,Neutral,Fear
1.37769E+18,1.37769E+18,2021-04-01 23:57:57 IST,01-04-2021,23:57:57,530,783214,twitter,Twitter,,end of thread,en,[],[],[],707,1400,44070,[],[],https://twitter.com/Twitter/status/1377689203903844352,FALSE,,0,,,,,,,,[],,,,,,,,,,,,,,,,Neutral,NA
1.37769E+18,1.37769E+18,2021-04-01 23:46:03 IST,01-04-2021,23:46:03,530,783214,twitter,Twitter,,a thread of funny april fools' jokes:,en,[],[],[],3596,8741,86298,[],[],https://twitter.com/Twitter/status/1377686211943411712,FALSE,,0,,,,,,,,[],,,,,,,,,,,,,,,,Positive,Excitement
1.3766E+18,1.3766E+18,2021-03-30 00:07:04 IST,30-03-2021,00:07:04,530,783214,twitter,Twitter,,@annaeatcarrots @Soin1D floored,en,[],[],[],9,3,62,[],[],https://twitter.com/Twitter/status/1376604334197243905,FALSE,,0,,,,,,,,"[{'screen_name': 'annaeatcarrots', 'name': 'Anna', 'id': '1348222825237278723'}, {'screen_name': 'Soin1D', 'name': 'sonia¬≤‚Å∏ ‚ùØ‚ùØ‚ùØ‚ùØ', 'id': '1303377705153560578'}]",,,,,,,,,,,,,,,,NA,NA
1.3766E+18,1.3766E+18,2021-03-30 00:06:49 IST,30-03-2021,00:06:49,530,783214,twitter,Twitter,,@y2jbaybay it's a good time to Tweet about the boat,en,[],[],[],9,8,363,[],[],https://twitter.com/Twitter/status/1376604273681649667,FALSE,,0,,,,,,,,"[{'screen_name': 'y2jbaybay', 'name': 'Bunny', 'id': '1131545431790346240'}]",,,,,,,,,,,,,,,,Neutral,NA
1.3766E+18,1.3766E+18,2021-03-30 00:02:12 IST,30-03-2021,00:02:12,530,783214,twitter,Twitter,,@mark10stm as we like to say: we are all the boat,en,[],[],[],8,11,95,[],[],https://twitter.com/Twitter/status/1376603111364562945,FALSE,,0,,,,,,,,"[{'screen_name': 'mark10stm', 'name': 'Marcos Paulo Amorim‚ô•Ô∏èüñ§', 'id': '974411765659394049'}]",,,,,,,,,,,,,,,,Positive,NA
1.3766E+18,1.3766E+18,2021-03-30 00:00:58 IST,30-03-2021,00:00:58,530,783214,twitter,Twitter,,@rgprab the boat was trying its best,en,[],[],[],6,30,1117,[],[],https://twitter.com/Twitter/status/1376602800264597509,FALSE,,0,,,,,,,,"[{'screen_name': 'rgprab', 'name': 'Praroh', 'id': '1275731522830700544'}]",,,,,,,,,,,,,,,,Positive,Relief
1.3766E+18,1.3766E+18,2021-03-29 23:55:42 IST,29-03-2021,23:55:42,530,783214,twitter,Twitter,,@LaserEyesFdr don't miss the boat then,en,[],[],[],12,8,203,[],[],https://twitter.com/Twitter/status/1376601477288849411,FALSE,,0,,,,,,,,"[{'screen_name': 'LaserEyesFdr', 'name': 'LaserEyesFDR', 'id': '1345983995222351872'}]",,,,,,,,,,,,,,,,Positive,NA
1.3766E+18,1.3766E+18,2021-03-29 23:52:50 IST,29-03-2021,23:52:50,530,783214,twitter,Twitter,,@oyimzy we're the forklift,en,[],[],[],30,29,915,[],[],https://twitter.com/Twitter/status/1376600753708527616,FALSE,,0,,,,,,,,"[{'screen_name': 'oyimzy', 'name': 'Benue Breed‚ùÑÔ∏è', 'id': '2215799604'}]",,,,,,,,,,,,,,,,Neutral,NA
1.3766E+18,1.3766E+18,2021-03-29 23:50:59 IST,29-03-2021,23:50:59,530,783214,twitter,Twitter,,@Vithusha_Mo30 floating by on memes,en,[],[],[],4,7,129,[],[],https://twitter.com/Twitter/status/1376600289579466760,FALSE,,0,,,,,,,,"[{'screen_name': 'Vithusha_Mo30', 'name': 'Vithusha', 'id': '1211456147502186496'}]",,,,,,,,,,,,,,,,Neutral,Excitement
1.3766E+18,1.3766E+18,2021-03-29 23:47:33 IST,29-03-2021,23:47:33,530,783214,twitter,Twitter,,@Selmemilove deeper than the suez,en,[],[],[],11,43,832,[],[],https://twitter.com/Twitter/status/1376599426634944513,FALSE,,0,,,,,,,,"[{'screen_name': 'Selmemilove', 'name': 'ÿ±‚ùÄ', 'id': '1704787015'}]",,,,,,,,,,,,,,,,Neutral,Hope
1.3766E+18,1.3766E+18,2021-03-29 23:44:39 IST,29-03-2021,23:44:39,530,783214,twitter,Twitter,,@djarinculture here for you bestie,en,[],[],[],9,22,757,[],[],https://twitter.com/Twitter/status/1376598693298589699,FALSE,,0,,,,,,,,"[{'screen_name': 'djarinculture', 'name': 'janet', 'id': '1340949971353432064'}]",,,,,,,,,,,,,,,,Positive,Excitement
1.3766E+18,1.3766E+18,2021-03-29 23:44:28 IST,29-03-2021,23:44:28,530,783214,twitter,Twitter,,@TheRealAmosZ full sail ahead,en,[],[],[],10,9,819,[],[],https://twitter.com/Twitter/status/1376598650575458306,FALSE,,0,,,,,,,,"[{'screen_name': 'TheRealAmosZ', 'name': 'Amos Zimmerman', 'id': '1031822599817494528'}]",,,,,,,,,,,,,,,,Neutral,Excitement
1.3766E+18,1.3766E+18,2021-03-29 23:36:45 IST,29-03-2021,23:36:45,530,783214,twitter,Twitter,,the boat made it and so can you,en,[],[],[],3975,35154,172194,[],[],https://twitter.com/Twitter/status/1376596707484442629,FALSE,,0,,,,,,,,[],,,,,,,,,,,,,,,,Positive,Optimism
1.3755E+18,1.3755E+18,2021-03-26 23:00:53 IST,26-03-2021,23:00:53,530,783214,twitter,Twitter,,subtweeting is an art,en,[],[],[],4749,7505,78406,[],[],https://twitter.com/Twitter/status/1375500518366216199,FALSE,,0,,,,,,,,[],,,,,,,,,,,,,,,,Neutral,NA
1.37226E+18,1.37226E+18,2021-03-18 00:36:25 IST,18-03-2021,00:36:25,530,783214,twitter,Twitter,,#StopAsianHate #StopAsianHate #StopAsianHate #StopAsianHate #StopAsianHate #StopAsianHate #StopAsianHate #StopAsianHate,und,[],[],[],5063,79283,216855,"['stopasianhate', 'stopasianhate', 'stopasianhate', 'stopasianhate', 'stopasianhate', 'stopasianhate', 'stopasianhate', 'stopasianhate']",[],https://twitter.com/Twitter/status/1372263069125111810,FALSE,,0,,,,,,,,[],,,,,,,,,,,,,,,,Positive,Hope
1.37041E+18,1.37041E+18,2021-03-12 21:56:48 IST,12-03-2021,21:56:48,530,783214,twitter,Twitter,,0 days since someone asked for an edit button,en,[],[],[],25616,57873,726866,[],[],https://twitter.com/Twitter/status/1370410960394067970,FALSE,,0,,,,,,,,[],,,,,,,,,,,,,,,,Positive,Fear
1.37003E+18,1.37003E+18,2021-03-11 20:30:40 IST,11-03-2021,20:30:40,530,783214,twitter,Twitter,,We‚Äôre working on something we think you‚Äôll love ‚Äî Twitter Spaces!  Still in test mode but rolling out soon. Here‚Äôs a peek at what everybody‚Äôs talking about...  https://t.co/KMXzmKzbDp,en,[],[],[],2273,3087,14571,[],[],https://twitter.com/Twitter/status/1370026897808179200,FALSE,,1,https://pbs.twimg.com/amplify_video_thumb/1370026757668093953/img/gV9Uq_wKVptAgLei.jpg,,,,,,,[],,,,,,,,,,,,,,,,Positive,Excitement
1.36977E+18,1.36973E+18,2021-03-11 03:25:05 IST,11-03-2021,03:25:05,530,783214,twitter,Twitter,,@reddit love htat for you,en,[],[],[],173,614,13704,[],[],https://twitter.com/Twitter/status/1369768797784190982,FALSE,,0,,,,,,,,"[{'screen_name': 'reddit', 'name': 'Reddit', 'id': '811377'}]",,,,,,,,,,,,,,,,Positive,Relief
1.36945E+18,1.36944E+18,2021-03-10 06:15:02 IST,10-03-2021,06:15:02,530,783214,twitter,Twitter,,@Ryuseokjin_ you're absolutely correct,en,[],[],[],183,433,6391,[],[],https://twitter.com/Twitter/status/1369449181946011656,FALSE,,0,,,,,,,,[],,,,,,,,,,,,,,,,Positive,Relief
1.36945E+18,1.36944E+18,2021-03-10 06:15:02 IST,10-03-2021,06:15:02,530,783214,twitter,Twitter,,@BeLiNdAoOx  https://t.co/g2uPWckjOA,und,[],['https://twitter.com/Twitter/status/1194075230274228224'],[],8,2,485,[],[],https://twitter.com/Twitter/status/1369449181832699904,FALSE,https://twitter.com/Twitter/status/1194075230274228224,0,,,,,,,,"[{'screen_name': 'BeLiNdAoOx', 'name': 'Belinda', 'id': '47609245'}]",,,,,,,,,,,,,,,,NA,NA
1.36945E+18,1.36944E+18,2021-03-10 06:09:08 IST,10-03-2021,06:09:08,530,783214,twitter,Twitter,,@sarcasm_mansion uh oh,en,[],[],[],8,5,505,[],[],https://twitter.com/Twitter/status/1369447694251548679,FALSE,,0,,,,,,,,"[{'screen_name': 'sarcasm_mansion', 'name': '—ï–ΩŒπŒΩŒ±–º —ÉŒ±‚àÇŒ±ŒΩ', 'id': '1309063188101636096'}]",,,,,,,,,,,,,,,,Positive,Panic
1.36945E+18,1.36944E+18,2021-03-10 06:04:15 IST,10-03-2021,06:04:15,530,783214,twitter,Twitter,,@emilybernay proud of you,en,[],[],[],4,4,306,[],[],https://twitter.com/Twitter/status/1369446466729746442,FALSE,,0,,,,,,,,"[{'screen_name': 'emilybernay', 'name': 'Emily', 'id': '290827311'}]",,,,,,,,,,,,,,,,Positive,Relief
1.36944E+18,1.36944E+18,2021-03-10 05:48:00 IST,10-03-2021,05:48:00,530,783214,twitter,Twitter,,@jimin_snuck_in we'll see,en,[],[],[],7,1,49,[],[],https://twitter.com/Twitter/status/1369442376624840709,FALSE,,0,,,,,,,,[],,,,,,,,,,,,,,,,Neutral,Hope
1.36944E+18,1.36944E+18,2021-03-10 05:48:00 IST,10-03-2021,05:48:00,530,783214,twitter,Twitter,,@brenduhalvarado changed our mind idk idk,en,[],[],[],7,10,1797,[],[],https://twitter.com/Twitter/status/1369442376595423232,FALSE,,0,,,,,,,,"[{'screen_name': 'brenduhalvarado', 'name': 'Brenda', 'id': '268632713'}]",,,,,,,,,,,,,,,,Positive,Fear
1.36944E+18,1.36944E+18,2021-03-10 05:48:00 IST,10-03-2021,05:48:00,530,783214,twitter,Twitter,,@bunsenbernerbmd those are the rules,en,[],[],[],19,27,3219,[],[],https://twitter.com/Twitter/status/1369442376507420680,FALSE,,0,,,,,,,,"[{'screen_name': 'bunsenbernerbmd', 'name': 'Bunsen and BEAKER', 'id': '917201597247012864'}]",,,,,,,,,,,,,,,,Neutral,Fear
1.36944E+18,1.36944E+18,2021-03-10 05:46:00 IST,10-03-2021,05:46:00,530,783214,twitter,Twitter,,"@bluemeth123 different month, different mood",en,[],[],[],37,206,5909,[],[],https://twitter.com/Twitter/status/1369441872905650179,FALSE,,0,,,,,,,,"[{'screen_name': 'bluemeth123', 'name': 'Irrational Randy', 'id': '1169333524144558080'}]",,,,,,,,,,,,,,,,Positive,NA
1.36944E+18,1.36944E+18,2021-03-10 05:42:39 IST,10-03-2021,05:42:39,530,783214,twitter,Twitter,,@Lexiedanversss thanks bestie,en,[],[],[],34,39,2628,[],[],https://twitter.com/Twitter/status/1369441029372448770,FALSE,,0,,,,,,,,"[{'screen_name': 'Lexiedanversss', 'name': 'Shay| property of Kat„Éü‚òÜ', 'id': '1312063592208969728'}]",,,,,,,,,,,,,,,,Positive,Excitement
1.36944E+18,1.36944E+18,2021-03-10 05:35:32 IST,10-03-2021,05:35:32,530,783214,twitter,Twitter,,some Tweets belong in the drafts,en,[],[],[],5608,37826,226172,[],[],https://twitter.com/Twitter/status/1369439241969799174,FALSE,,0,,,,,,,,[],,,,,,,,,,,,,,,,Negative,Fear
1.36757E+18,1.36751E+18,2021-03-05 01:30:12 IST,05-03-2021,01:30:12,530,783214,twitter,Twitter,,"@uhmaayyze ""the official hype man of Twitter""",en,[],[],[],21,9,411,[],[],https://twitter.com/Twitter/status/1367565559265640455,FALSE,,0,,,,,,,,"[{'screen_name': 'uhmaayyze', 'name': 'uhmaayyze', 'id': '2814636592'}]",,,,,,,,,,,,,,,,Negative,NA
1.36756E+18,1.36751E+18,2021-03-05 00:55:09 IST,05-03-2021,00:55:09,530,783214,twitter,Twitter,,"@SpiderManMovie #SpiderManNoWayHome starring Tom Holland, Zendaya, Jacob Batalon, Tobey Maguire, and Andrew Garfield, only in movie theaters this Christmas.",en,[],[],[],1405,9080,51001,['spidermannowayhome'],[],https://twitter.com/Twitter/status/1367556742121422848,FALSE,,0,,,,,,,,"[{'screen_name': 'SpiderManMovie', 'name': 'Spider-Man: No Way Home', 'id': '281217033'}]",,,,,,,,,,,,,,,,Positive,Excitement
1.36754E+18,1.36751E+18,2021-03-04 23:59:35 IST,04-03-2021,23:59:35,530,783214,twitter,Twitter,,"@EatLiquidGold ""the reason gold is at an all time high""",en,[],[],[],5,0,105,[],[],https://twitter.com/Twitter/status/1367542754625126415,FALSE,,0,,,,,,,,"[{'screen_name': 'EatLiquidGold', 'name': 'Velveeta', 'id': '286432628'}]",,,,,,,,,,,,,,,,Neutral,Fear
1.36754E+18,1.36754E+18,2021-03-04 23:57:34 IST,04-03-2021,23:57:34,530,783214,twitter,Twitter,,"@gunnargehl ""One Second Of One Day... but so many Tweets""",en,[],[],[],16,13,149,[],[],https://twitter.com/Twitter/status/1367542250813685760,FALSE,,0,,,,,,,,"[{'screen_name': 'gunnargehl', 'name': 'Gunnar Gehl', 'id': '2724476935'}]",,,,,,,,,,,,,,,,Positive,Hope
1.36753E+18,1.36751E+18,2021-03-04 23:16:27 IST,04-03-2021,23:16:27,530,783214,twitter,Twitter,,"@Barbie ""astronaut, scientist, doctor, vet, dream house owner""",en,[],[],[],11,31,1354,[],[],https://twitter.com/Twitter/status/1367531899854413830,FALSE,,0,,,,,,,,"[{'screen_name': 'Barbie', 'name': 'Barbie', 'id': '19005152'}]",,,,,,,,,,,,,,,,Neutral,NA
1.36753E+18,1.36751E+18,2021-03-04 23:09:44 IST,04-03-2021,23:09:44,530,783214,twitter,Twitter,,"@jennaezarik ""justine's sister""",en,[],[],[],35,19,1559,[],[],https://twitter.com/Twitter/status/1367530213043806208,FALSE,,0,,,,,,,,"[{'screen_name': 'jennaezarik', 'name': 'Jenna Ezarik', 'id': '6015992'}]",,,,,,,,,,,,,,,,Neutral,NA
1.36753E+18,1.36751E+18,2021-03-04 23:09:44 IST,04-03-2021,23:09:44,530,783214,twitter,Twitter,,"@ijustine ""jenna's sister""",no,[],[],[],8,10,781,[],[],https://twitter.com/Twitter/status/1367530212968308738,FALSE,,0,,,,,,,,"[{'screen_name': 'ijustine', 'name': 'iJustine', 'id': '7846'}]",,,,,,,,,,,,,,,,Positive,Fear
1.36753E+18,1.36751E+18,2021-03-04 23:07:09 IST,04-03-2021,23:07:09,530,783214,twitter,Twitter,,"@MAYAMAXIMOFFS ""anya taylor-joy and everything else is wrong üíö """,en,[],[],[],4,2,33,[],[],https://twitter.com/Twitter/status/1367529560414310403,FALSE,,0,,,,,,,,"[{'screen_name': 'MAYAMAXIMOFFS', 'name': 'Mayaüë©\u200d‚ù§Ô∏è\u200düíã\u200düë©', 'id': '1320528913576189958'}]",,,,,,,,,,,,,,,,Positive,NA
1.36753E+18,1.36751E+18,2021-03-04 23:04:15 IST,04-03-2021,23:04:15,530,783214,twitter,Twitter,,"@realUNOgame ""Tweets about about how you can't stack a +2 on a +2""",en,[],[],[],22,93,3443,[],[],https://twitter.com/Twitter/status/1367528830433447936,FALSE,,0,,,,,,,,"[{'screen_name': 'realUNOgame', 'name': 'UNO', 'id': '2614048026'}]",,,,,,,,,,,,,,,,Positive,Excitement
1.36753E+18,1.36751E+18,2021-03-04 23:03:09 IST,04-03-2021,23:03:09,530,783214,twitter,Twitter,,"@71meddle ""sticking to the classics so I never go wrong. she/her""",en,[],[],[],6,5,373,[],[],https://twitter.com/Twitter/status/1367528553533878280,FALSE,,0,,,,,,,,"[{'screen_name': '71meddle', 'name': 'lea \U0001f9a6', 'id': '1038689227788177408'}]",,,,,,,,,,,,,,,,Neutral,Excitement
1.36753E+18,1.36751E+18,2021-03-04 23:01:59 IST,04-03-2021,23:01:59,530,783214,twitter,Twitter,,"@colbertlateshow ""our show is on late""",en,[],[],[],10,8,608,[],[],https://twitter.com/Twitter/status/1367528262797307906,FALSE,,0,,,,,,,,"[{'screen_name': 'colbertlateshow', 'name': 'A Late Show', 'id': '2835886194'}]",,,,,,,,,,,,,,,,Positive,Relief
1.36753E+18,1.36751E+18,2021-03-04 23:01:14 IST,04-03-2021,23:01:14,530,783214,twitter,Twitter,,"@BagelBites ""ended the NY v. NJ bagel debate""",en,[],[],[],6,2,392,[],[],https://twitter.com/Twitter/status/1367528072363339778,FALSE,,0,,,,,,,,"[{'screen_name': 'BagelBites', 'name': 'Bagel Bites', 'id': '1111286507653025793'}]",,,,,,,,,,,,,,,,Neutral,Hope
1.36753E+18,1.36751E+18,2021-03-04 23:01:14 IST,04-03-2021,23:01:14,530,783214,twitter,Twitter,,"@PsycheAgustD_ ""let's get this hobi bread""",en,[],[],[],39,776,6168,[],[],https://twitter.com/Twitter/status/1367528072216539136,FALSE,,0,,,,,,,,[],,,,,,,,,,,,,,,,Negative,NA
1.36753E+18,1.36751E+18,2021-03-04 23:01:14 IST,04-03-2021,23:01:14,530,783214,twitter,Twitter,,"@ppredictors ""0% fact, 100% fun""",en,[],[],[],63,80,3143,[],[],https://twitter.com/Twitter/status/1367528072203894788,FALSE,,0,,,,,,,,"[{'screen_name': 'ppredictors', 'name': 'Predictions', 'id': '825502175744901120'}]",,,,,,,,,,,,,,,,NA,NA
1.36753E+18,1.36751E+18,2021-03-04 22:59:48 IST,04-03-2021,22:59:48,530,783214,twitter,Twitter,,"@Ieiasolo ""AGATHA HARKNESS CAN HEX ME, she/they""",en,[],[],[],18,71,2015,[],[],https://twitter.com/Twitter/status/1367527712655564803,FALSE,,0,,,,,,,,[],,,,,,,,,,,,,,,,Negative,Fear
1.36753E+18,1.36751E+18,2021-03-04 22:59:48 IST,04-03-2021,22:59:48,530,783214,twitter,Twitter,,"@OliverDurham10 ""my plants are better than yours""",en,[],[],[],4,1,30,[],[],https://twitter.com/Twitter/status/1367527712504561675,FALSE,,0,,,,,,,,"[{'screen_name': 'OliverDurham10', 'name': 'Oli Durham ‚ôï', 'id': '948301813236817920'}]",,,,,,,,,,,,,,,,Positive,Excitement
1.36753E+18,1.36751E+18,2021-03-04 22:55:10 IST,04-03-2021,22:55:10,530,783214,twitter,Twitter,,"@Vraxooo ""banger bio,  üíô social media person""",es,[],[],[],4,0,79,[],[],https://twitter.com/Twitter/status/1367526544617443328,FALSE,,0,,,,,,,,"[{'screen_name': 'Vraxooo', 'name': 'XSET Vrax', 'id': '999726261734989824'}]",,,,,,,,,,,,,,,,Positive,Excitement
1.36753E+18,1.36751E+18,2021-03-04 22:55:05 IST,04-03-2021,22:55:05,530,783214,twitter,Twitter,,"@ImLiteralLarry1 ""my name is Larry and I take everything literally""",en,[],[],[],65,83,6286,[],[],https://twitter.com/Twitter/status/1367526522379243521,FALSE,,0,,,,,,,,"[{'screen_name': 'ImLiteralLarry1', 'name': 'Literal Larry', 'id': '1333618885732470784'}]",,,,,,,,,,,,,,,,Positive,Excitement
1.36753E+18,1.36751E+18,2021-03-04 22:55:04 IST,04-03-2021,22:55:04,530,783214,twitter,Twitter,,"@MaxGGs ""didn't get a good morning text? I've got a Tweet for that""",en,[],[],[],8,5,272,[],[],https://twitter.com/Twitter/status/1367526522282770443,FALSE,,0,,,,,,,,"[{'screen_name': 'MaxGGs', 'name': 'Max üåäüê≥', 'id': '1099757436456570881'}]",,,,,,,,,,,,,,,,Positive,Relief
1.36752E+18,1.36751E+18,2021-03-04 22:47:15 IST,04-03-2021,22:47:15,530,783214,twitter,Twitter,,"@elouisefxo ""I'm the best and you better believe it""",en,[],[],[],13,11,275,[],[],https://twitter.com/Twitter/status/1367524551328948224,FALSE,,0,,,,,,,,"[{'screen_name': 'elouisefxo', 'name': 'emmmmma', 'id': '164766072'}]",,,,,,,,,,,,,,,,Negative,Hope
1.36752E+18,1.36751E+18,2021-03-04 22:46:46 IST,04-03-2021,22:46:46,530,783214,twitter,Twitter,,"@dylanmaustin ""Daddy's home"" (heard you like St. Vincent)",en,[],[],[],3,1,7,[],[],https://twitter.com/Twitter/status/1367524429429944325,FALSE,,0,,,,,,,,"[{'screen_name': 'dylanmaustin', 'name': 'Dylan M. Austin (he/him)', 'id': '1258191378489593857'}]",,,,,,,,,,,,,,,,Positive,Hope
1.36752E+18,1.36751E+18,2021-03-04 22:45:02 IST,04-03-2021,22:45:02,530,783214,twitter,Twitter,,"@theLucasWalters ""quality over quantity | mental health advocate""",en,[],[],[],3,4,540,[],[],https://twitter.com/Twitter/status/1367523997173379078,FALSE,,0,,,,,,,,"[{'screen_name': 'theLucasWalters', 'name': 'Lucas Walters', 'id': '1192560504956305408'}]",,,,,,,,,,,,,,,,Positive,Optimism
1.36752E+18,1.36751E+18,2021-03-04 22:38:19 IST,04-03-2021,22:38:19,530,783214,twitter,Twitter,,"@_Sahil_oo7 ""if you need a startup I'm your guy""",en,[],[],[],18,9,1028,[],[],https://twitter.com/Twitter/status/1367522306055163904,FALSE,,0,,,,,,,,[],,,,,,,,,,,,,,,,Positive,Relief
1.36752E+18,1.36751E+18,2021-03-04 22:37:03 IST,04-03-2021,22:37:03,530,783214,twitter,Twitter,,"@LANGSFATE ""scotthope or get out""",en,[],[],[],30,86,917,[],[],https://twitter.com/Twitter/status/1367521984800821251,FALSE,,0,,,,,,,,[],,,,,,,,,,,,,,,,Negative,NA
1.36752E+18,1.36751E+18,2021-03-04 22:35:43 IST,04-03-2021,22:35:43,530,783214,twitter,Twitter,,"@silkbeer ""stream life support""",en,[],[],[],47,307,1593,[],[],https://twitter.com/Twitter/status/1367521650191847425,FALSE,,0,,,,,,,,"[{'screen_name': 'silkbeer', 'name': 'maliyah', 'id': '3306437431'}]",,,,,,,,,,,,,,,,Positive,Hope
1.36752E+18,1.36751E+18,2021-03-04 22:30:16 IST,04-03-2021,22:30:16,530,783214,twitter,Twitter,,"@joonspetal ""Twitter-recognized @BTS_twt fan account""",en,"[{'screen_name': 'bts_twt', 'name': 'Î∞©ÌÉÑÏÜåÎÖÑÎã®', 'id': '335141638'}]",[],[],43,213,4054,[],[],https://twitter.com/Twitter/status/1367520278901907456,FALSE,,0,,,,,,,,"[{'screen_name': 'joonspetal', 'name': 'Ÿãnina‚Å∑', 'id': '1290269440836136962'}]",,,,,,,,,,,,,,,,Positive,Excitement
1.36752E+18,1.36751E+18,2021-03-04 22:29:57 IST,04-03-2021,22:29:57,530,783214,twitter,Twitter,,"@MichellCClark ""really positive, really creative, really cool | he/him""",en,[],[],[],5,3,187,[],[],https://twitter.com/Twitter/status/1367520200602644482,FALSE,,0,,,,,,,,"[{'screen_name': 'MichellCClark', 'name': 'love yourself.', 'id': '72118738'}]",,,,,,,,,,,,,,,,Positive,Excitement
1.36752E+18,1.36751E+18,2021-03-04 22:29:48 IST,04-03-2021,22:29:48,530,783214,twitter,Twitter,,"@rudy_betrayed ""I can do a lot of things, but I can't spell one""",en,[],[],[],12,26,1401,[],[],https://twitter.com/Twitter/status/1367520160232460288,FALSE,,0,,,,,,,,"[{'screen_name': 'rudy_betrayed', 'name': 'rudy betrayed', 'id': '1265448005102174209'}]",,,,,,,,,,,,,,,,Neutral,NA
1.36752E+18,1.36751E+18,2021-03-04 22:29:30 IST,04-03-2021,22:29:30,530,783214,twitter,Twitter,,"@_samstrand ""here when I'm not crocheting""",en,[],[],[],15,7,403,[],[],https://twitter.com/Twitter/status/1367520088023314433,FALSE,,0,,,,,,,,"[{'screen_name': '_samstrand', 'name': 'sam ‚ò∫Ô∏é', 'id': '1266153003792252928'}]",,,,,,,,,,,,,,,,Neutral,NA
1.36752E+18,1.36751E+18,2021-03-04 22:27:39 IST,04-03-2021,22:27:39,530,783214,twitter,Twitter,,"@farfrompov ""My national anthem is Portals by Alan Silvestri""",en,[],[],[],3,6,149,[],[],https://twitter.com/Twitter/status/1367519622224838657,FALSE,,0,,,,,,,,"[{'screen_name': 'farfrompov', 'name': 'kat', 'id': '921167712465891328'}]",,,,,,,,,,,,,,,,Neutral,Excitement
1.36752E+18,1.36751E+18,2021-03-04 22:25:47 IST,04-03-2021,22:25:47,530,783214,twitter,Twitter,,"@breanadawn_ ""my friends think Jojo Siwa would beat me in a fight""",en,[],[],[],14,16,977,[],[],https://twitter.com/Twitter/status/1367519151812706317,FALSE,,0,,,,,,,,"[{'screen_name': 'breanadawn_', 'name': 'B', 'id': '67156396'}]",,,,,,,,,,,,,,,,Positive,Excitement
1.36752E+18,1.36751E+18,2021-03-04 22:20:44 IST,04-03-2021,22:20:44,530,783214,twitter,Twitter,,"@FredTJoseph ""I write things that you should read, he/him""",en,[],[],[],3,0,45,[],[],https://twitter.com/Twitter/status/1367517880707874817,FALSE,,0,,,,,,,,"[{'screen_name': 'FredTJoseph', 'name': 'Frederick Joseph', 'id': '2729784259'}]",,,,,,,,,,,,,,,,Positive,Hope
1.36752E+18,1.36751E+18,2021-03-04 22:20:44 IST,04-03-2021,22:20:44,530,783214,twitter,Twitter,,"@babyangleszaa your bio is perfect as is, bestie",en,[],[],[],11,13,561,[],[],https://twitter.com/Twitter/status/1367517880703680518,FALSE,,0,,,,,,,,"[{'screen_name': 'babyangleszaa', 'name': 'Beau | @sza stan| STREAM KISS ME MORE', 'id': '1342515707507077120'}]",,,,,,,,,,,,,,,,Positive,Relief
1.36752E+18,1.36751E+18,2021-03-04 22:19:06 IST,04-03-2021,22:19:06,530,783214,twitter,Twitter,,@its_menieb update: I still love call of duty,en,[],[],[],39,43,2272,[],[],https://twitter.com/Twitter/status/1367517467573170181,FALSE,,0,,,,,,,,"[{'screen_name': 'its_menieb', 'name': 'Mohamed Enieb', 'id': '1052276148439277568'}]",,,,,,,,,,,,,,,,Positive,Excitement
1.36752E+18,1.36751E+18,2021-03-04 22:15:18 IST,04-03-2021,22:15:18,530,783214,twitter,Twitter,,@ririsparker award winning Tweets about award winning actor Don Cheadle,en,[],[],[],8,18,631,[],[],https://twitter.com/Twitter/status/1367516511049506823,FALSE,,0,,,,,,,,[],,,,,,,,,,,,,,,,Neutral,NA
1.36752E+18,1.36751E+18,2021-03-04 22:10:35 IST,04-03-2021,22:10:35,530,783214,twitter,Twitter,,@RSorokanich beep beep,en,[],[],[],15,10,1016,[],[],https://twitter.com/Twitter/status/1367515326456422402,FALSE,,0,,,,,,,,"[{'screen_name': 'RSorokanich', 'name': 'Bob Sorokanich', 'id': '273759672'}]",,,,,,,,,,,,,,,,Neutral,NA
1.36751E+18,1.36751E+18,2021-03-04 22:04:59 IST,04-03-2021,22:04:59,530,783214,twitter,Twitter,,"writing bios today, who wants one?",en,[],[],[],45400,7447,155363,[],[],https://twitter.com/Twitter/status/1367513918235693065,FALSE,,0,,,,,,,,[],,,,,,,,,,,,,,,,Positive,NA
1.36679E+18,1.36679E+18,2021-03-02 22:18:40 IST,02-03-2021,22:18:40,530,783214,twitter,Twitter,,@dinspov recruiting @djarinculture for this one,en,"[{'screen_name': 'djarinculture', 'name': 'janet/ jane day', 'id': '1340949971353432064'}]",[],[],24,8,424,[],[],https://twitter.com/Twitter/status/1366792583712825347,FALSE,,0,,,,,,,,"[{'screen_name': 'dinspov', 'name': 'tara', 'id': '1121062721045143553'}]",,,,,,,,,,,,,,,,Neutral,NA
1.36679E+18,1.36679E+18,2021-03-02 22:17:59 IST,02-03-2021,22:17:59,530,783214,twitter,Twitter,,@xbetteroffs she gets it,en,[],[],[],3,0,93,[],[],https://twitter.com/Twitter/status/1366792410433478658,FALSE,,0,,,,,,,,"[{'screen_name': 'xbetteroffs', 'name': 'angie ‚ùÄ', 'id': '2438705979'}]",,,,,,,,,,,,,,,,Neutral,Hope
1.36679E+18,1.36679E+18,2021-03-02 22:12:30 IST,02-03-2021,22:12:30,530,783214,twitter,Twitter,,@ThisIsNoahEvans keep the good Tweets coming,en,[],[],[],44,21,747,[],[],https://twitter.com/Twitter/status/1366791033112170496,FALSE,,0,,,,,,,,"[{'screen_name': 'ThisIsNoahEvans', 'name': 'Noah Evans', 'id': '1110562167147978752'}]",,,,,,,,,,,,,,,,Positive,Relief
1.36679E+18,1.36679E+18,2021-03-02 22:12:29 IST,02-03-2021,22:12:29,530,783214,twitter,Twitter,,@JoeBangles11 manchego,pt,[],[],[],25,9,368,[],[],https://twitter.com/Twitter/status/1366791027223388161,FALSE,,0,,,,,,,,"[{'screen_name': 'JoeBangles11', 'name': 'Joe Bangles - CBE', 'id': '1251832030784106497'}]",,,,,,,,,,,,,,,,NA,NA
1.36679E+18,1.36679E+18,2021-03-02 22:07:36 IST,02-03-2021,22:07:36,530,783214,twitter,Twitter,,@salanghaelouis salad in the wind,en,[],[],[],29,50,1161,[],[],https://twitter.com/Twitter/status/1366789799416385537,FALSE,,0,,,,,,,,"[{'screen_name': 'salanghaelouis', 'name': 'Ô∏é nafisa·µïÃà', 'id': '959959234124435456'}]",,,,,,,,,,,,,,,,Neutral,NA
1.36679E+18,1.36679E+18,2021-03-02 22:06:35 IST,02-03-2021,22:06:35,530,783214,twitter,Twitter,,@sithvers it worked,en,[],[],[],13,0,173,[],[],https://twitter.com/Twitter/status/1366789543047929859,FALSE,,0,,,,,,,,"[{'screen_name': 'sithvers', 'name': 'vera! 14 DAYS', 'id': '1093553558337802241'}]",,,,,,,,,,,,,,,,Positive,Hope
1.36679E+18,1.36679E+18,2021-03-02 22:06:00 IST,02-03-2021,22:06:00,530,783214,twitter,Twitter,,@CFC_Theo were you manifesting a reply?,en,[],[],[],24,1,248,[],[],https://twitter.com/Twitter/status/1366789395462897671,FALSE,,0,,,,,,,,"[{'screen_name': 'CFC_Theo', 'name': 'üó£ü•∂üëΩ', 'id': '1004661904768491525'}]",,,,,,,,,,,,,,,,Positive,Fear
1.36679E+18,1.36679E+18,2021-03-02 22:03:28 IST,02-03-2021,22:03:28,530,783214,twitter,Twitter,,@DANVERSFILMS black widow release,en,[],[],[],151,494,6118,[],[],https://twitter.com/Twitter/status/1366788757173772288,FALSE,,0,,,,,,,,[],,,,,,,,,,,,,,,,Negative,Panic
1.36679E+18,1.36679E+18,2021-03-02 22:02:09 IST,02-03-2021,22:02:09,530,783214,twitter,Twitter,,@zenbqya can't watch this bc spoilers,en,[],[],[],24,11,753,[],[],https://twitter.com/Twitter/status/1366788426318643209,FALSE,,0,,,,,,,,"[{'screen_name': 'zenbqya', 'name': 'juandavision‚äó\U0001f90d', 'id': '1026519257956450304'}]",,,,,,,,,,,,,,,,Positive,Panic
1.36679E+18,1.36679E+18,2021-03-02 22:02:09 IST,02-03-2021,22:02:09,530,783214,twitter,Twitter,,@oswinwaled üïØüïØüïØüïØüïØüïØüïØüïØüïØüïØüïØüïØ   twelve for twelve,en,[],[],[],38,89,1444,[],[],https://twitter.com/Twitter/status/1366788426289315847,FALSE,,0,,,,,,,,"[{'screen_name': 'oswinwaled', 'name': 'ana | thinker apologist', 'id': '826041214403223552'}]",,,,,,,,,,,,,,,,Neutral,NA
1.36679E+18,1.36679E+18,2021-03-02 21:56:47 IST,02-03-2021,21:56:47,530,783214,twitter,Twitter,,@saidaeffects matchy matchy we love,en,[],[],[],24,8,437,[],[],https://twitter.com/Twitter/status/1366787078701387781,FALSE,,0,,,,,,,,"[{'screen_name': 'saidaeffects', 'name': 'niniüåô', 'id': '1312873703697518594'}]",,,,,,,,,,,,,,,,Positive,Excitement
1.36679E+18,1.36679E+18,2021-03-02 21:50:58 IST,02-03-2021,21:50:58,530,783214,twitter,Twitter,,manifesting...,en,[],[],[],12494,18967,167579,[],[],https://twitter.com/Twitter/status/1366785615078031369,FALSE,,0,,,,,,,,[],,,,,,,,,,,,,,,,Positive,Relief
1.36469E+18,1.36461E+18,2021-02-25 03:02:00 IST,25-02-2021,03:02:00,530,783214,twitter,Twitter,,"@dinoman_j a follow is how you say ""I love you"" in dinosaur right?",en,[],[],[],61,91,5863,[],[],https://twitter.com/Twitter/status/1364689558978371584,FALSE,,0,,,,,,,,"[{'screen_name': 'dinoman_j', 'name': 'dinosaur', 'id': '1304794047811325956'}]",,,,,,,,,,,,,,,,Positive,NA
1.36462E+18,1.36461E+18,2021-02-24 22:23:04 IST,24-02-2021,22:23:04,530,783214,twitter,Twitter,,@jenn7399 YES to Mr. Teddy,en,[],[],[],27,24,759,[],[],https://twitter.com/Twitter/status/1364619365778399234,FALSE,,0,,,,,,,,"[{'screen_name': 'jenn7399', 'name': 'Jenn7399', 'id': '1111481441412698114'}]",,,,,,,,,,,,,,,,Positive,Excitement
1.36461E+18,1.36461E+18,2021-02-24 22:03:34 IST,24-02-2021,22:03:34,530,783214,twitter,Twitter,,@austinpetsalive üíô,und,[],[],[],30,12,683,[],[],https://twitter.com/Twitter/status/1364614457914241024,FALSE,,0,,,,,,,,"[{'screen_name': 'austinpetsalive', 'name': 'Austin Pets Alive!', 'id': '15317615'}]",,,,,,,,,,,,,,,,Positive,NA
1.36461E+18,1.36461E+18,2021-02-24 21:53:06 IST,24-02-2021,21:53:06,530,783214,twitter,Twitter,,@djarinculture MISSED YOU ON OUR TIMELINE,en,[],[],[],28,5,364,[],[],https://twitter.com/Twitter/status/1364611823962640391,FALSE,,0,,,,,,,,"[{'screen_name': 'djarinculture', 'name': 'janet/ JANE DAY', 'id': '1340949971353432064'}]",,,,,,,,,,,,,,,,Positive,Hope
