id,conversation_id,created_at,date,time,timezone,user_id,username,name,place,tweet,language,mentions,urls,photos,replies_count,retweets_count,likes_count,hashtags,cashtags,link,retweet,quote_url,video,thumbnail,near,geo,source,user_rt_id,user_rt,retweet_id,reply_to,retweet_date,translate,trans_src,trans_dest,,,,,,,,,,,,,,,,Sentiment,Emotions
1.38E+18,1.38E+18,2021-04-19 16:10:57 IST,19-04-2021,16:10:57,530,7.58E+17,_21stcenturycox,By Any Memes Necessary,,"@callieabost Extinguishing any debt - interest savings basically are another form of return. Other than that, maybe a MYGA ladder, 3-5 yr maturities? At least for now while yields everywhere are so low, if liquidity isn't a concern. Maybe munis, or if there's enough, real estate.",en,[],[],[],0,0,0,[],[],https://twitter.com/_21stCenturyCox/status/1384094664492347398,FALSE,,0,,,,,,,,"[{'screen_name': 'callieabost', 'name': 'Callie Cox', 'id': '97786845'}]",,,,,,,,,,,,,,,,,,,,Neutral,Optimism
1.38E+18,1.38E+18,2021-04-07 03:37:01 IST,07-04-2021,03:37:01,530,7.58E+17,_21stcenturycox,By Any Memes Necessary,,@therecount Which is why Sen Mcconnell strongly opposd the Citizens United ruling - oh wait...,en,[],[],[],0,0,0,[],[],https://twitter.com/_21stCenturyCox/status/1379556274317238272,FALSE,,0,,,,,,,,"[{'screen_name': 'therecount', 'name': 'The Recount', 'id': '1087380412089987077'}]",,,,,,,,,,,,,,,,,,,,Negative,fear
1.37E+18,1.37E+18,2021-03-20 03:48:05 IST,20-03-2021,03:48:05,530,7.58E+17,_21stcenturycox,By Any Memes Necessary,,@axios Good.,en,[],[],[],0,0,0,[],[],https://twitter.com/_21stCenturyCox/status/1373036077905276929,FALSE,,0,,,,,,,,"[{'screen_name': 'axios', 'name': 'Axios', 'id': '800707492346925056'}]",,,,,,,,,,,,,,,,,,,,Positive,Relief
1.37E+18,1.37E+18,2021-03-18 03:40:20 IST,18-03-2021,03:40:20,530,7.58E+17,_21stcenturycox,By Any Memes Necessary,,$MOON &gt; $ARKK   *disclosure: long both üòâ,en,[],[],[],0,0,0,[],"['moon', 'arkk']",https://twitter.com/_21stCenturyCox/status/1372309350388224018,FALSE,,0,,,,,,,,[],,,,,,,,,,,,,,,,,,,,Neutral,excitement
1.37E+18,1.37E+18,2021-03-07 06:05:14 IST,07-03-2021,06:05:14,530,7.58E+17,_21stcenturycox,By Any Memes Necessary,,"What do we think, does this bolster the theory the @tidal acquisition was in large part to establish a vehicle for music-related NFTs? $SQ ü§î",en,"[{'screen_name': 'tidal', 'name': 'tidal', 'id': '2679055230'}]",[],[],0,0,1,[],['sq'],https://twitter.com/_21stCenturyCox/status/1368359550043123712,FALSE,https://twitter.com/CNBC/status/1368329825828671490,0,,,,,,,,[],,,,,,,,,,,,,,,,,,,,NA,NA
1.37E+18,1.37E+18,2021-03-06 03:20:35 IST,06-03-2021,03:20:35,530,7.58E+17,_21stcenturycox,By Any Memes Necessary,,Everyone just calm down.. $SPY #stockmarketcrash  https://t.co/pjL7nCQofv,en,[],[],['https://pbs.twimg.com/media/Evv0exKXIAMvTyn.jpg'],1,0,0,['stockmarketcrash'],['spy'],https://twitter.com/_21stCenturyCox/status/1367955726484799502,FALSE,,1,https://pbs.twimg.com/media/Evv0exKXIAMvTyn.jpg,,,,,,,[],,,,,,,,,,,,,,,,,,,,Positive,panic
1.37E+18,1.37E+18,2021-03-05 09:28:47 IST,05-03-2021,09:28:47,530,7.58E+17,_21stcenturycox,By Any Memes Necessary,,@HBO WHERE THE FUCK IS WALLACE?!,en,[],[],[],0,0,0,[],[],https://twitter.com/_21stCenturyCox/status/1367685998302396416,FALSE,,0,,,,,,,,"[{'screen_name': 'HBO', 'name': 'HBO', 'id': '15635604'}]",,,,,,,,,,,,,,,,,,,,Negative,NA
1.36E+18,1.36E+18,2021-02-04 20:06:36 IST,04-02-2021,20:06:36,530,7.58E+17,_21stcenturycox,By Any Memes Necessary,,@NarutoVibe cc: @theestallion,und,"[{'screen_name': 'theestallion', 'name': 'tina snow', 'id': '104040220'}]",[],[],0,0,0,[],[],https://twitter.com/_21stCenturyCox/status/1357337262913167360,FALSE,,0,,,,,,,,"[{'screen_name': 'NarutoVibe', 'name': 'Naruto', 'id': '2931675387'}]",,,,,,,,,,,,,,,,,,,,NA,NA
1.36E+18,1.36E+18,2021-02-03 20:29:33 IST,03-02-2021,20:29:33,530,7.58E+17,_21stcenturycox,By Any Memes Necessary,,"""The two wrangled for weeks over how to structure Senate rules, *technically leaving Republicans in control of committees that decide when to move ahead with nominations and legislation.*""  The fuck? How is that a transfer of power? #Election2020   https://t.co/hi8W04Lhs5",en,[],['https://www.cnbc.com/2021/02/03/senate-reaches-deal-on-organizing-resolution-chuck-schumer-says.html?__source=androidappshare'],[],0,0,0,['election2020'],[],https://twitter.com/_21stCenturyCox/status/1356980651115872258,FALSE,,0,,,,,,,,[],,,,,,,,,,,,,,,,,,,,Negative,NA
1.36E+18,1.36E+18,2021-01-31 19:31:11 IST,31-01-2021,19:31:11,530,7.58E+17,_21stcenturycox,By Any Memes Necessary,,"@chamath Also, u can get this (0% tax rate after 5 years) w/ a Roth account - unless you earn so much you aren't eligible for one, (or can't afford to hold off on withdrawals until 59.5 yo, but if that's your situation the $$ is better off in an emergency savings than the market anyway).",en,[],[],[],0,0,0,[],[],https://twitter.com/_21stCenturyCox/status/1355878800886788098,FALSE,,0,,,,,,,,"[{'screen_name': 'chamath', 'name': 'Chamath Palihapitiya', 'id': '3291691'}]",,,,,,,,,,,,,,,,,,,,Positive,Optimism
1.36E+18,1.36E+18,2021-01-31 19:25:23 IST,31-01-2021,19:25:23,530,7.58E+17,_21stcenturycox,By Any Memes Necessary,,@chamath Might this just incentivize even MORE tax avoidance by those wealthy enough that tax optimization is actually driving their investing decisions?,en,[],[],[],1,0,0,[],[],https://twitter.com/_21stCenturyCox/status/1355877340086198275,FALSE,,0,,,,,,,,"[{'screen_name': 'chamath', 'name': 'Chamath Palihapitiya', 'id': '3291691'}]",,,,,,,,,,,,,,,,,,,,Neutral,fear
1.36E+18,1.36E+18,2021-01-29 17:13:46 IST,29-01-2021,17:13:46,530,7.58E+17,_21stcenturycox,By Any Memes Necessary,,"Twitter users, hear me now! Everyone calm the fuck down, and read this RE: #GameStop et al $GME",en,[],[],[],0,0,1,['gamestop'],['gme'],https://twitter.com/_21stCenturyCox/status/1355119443890884608,FALSE,https://twitter.com/WallStCynic/status/1354998065393000449,0,,,,,,,,[],,,,,,,,,,,,,,,,,,,,Negative,excitement
1.35E+18,1.35E+18,2021-01-28 08:28:48 IST,28-01-2021,08:28:48,530,7.58E+17,_21stcenturycox,By Any Memes Necessary,,"@cnnbrk ""confronting"" seems a tad mild in describing this interaction, imo",en,[],[],[],0,0,5,[],[],https://twitter.com/_21stCenturyCox/status/1354624940012666881,FALSE,,0,,,,,,,,"[{'screen_name': 'cnnbrk', 'name': 'CNN Breaking News', 'id': '428333'}]",,,,,,,,,,,,,,,,,,,,Neutral,NA
1.35E+18,1.35E+18,2021-01-27 08:10:52 IST,27-01-2021,08:10:52,530,7.58E+17,_21stcenturycox,By Any Memes Necessary,,"Somewhere, @SallyQYates is smiling...  https://t.co/45vAg0yLIw",en,"[{'screen_name': 'sallyqyates', 'name': 'sally yates', 'id': '875029068223315968'}]",[],['https://pbs.twimg.com/media/EstKgyhXUAA1tWf.jpg'],0,0,0,[],[],https://twitter.com/_21stCenturyCox/status/1354258041936486404,FALSE,,1,https://pbs.twimg.com/media/EstKgyhXUAA1tWf.jpg,,,,,,,[],,,,,,,,,,,,,,,,,,,,Positive,Relief
1.35E+18,1.35E+18,2021-01-24 10:05:38 IST,24-01-2021,10:05:38,530,7.58E+17,_21stcenturycox,By Any Memes Necessary,,"@DregoDaGreat @dadagudblood To everyone upset about this Biden fracking ""ban"" flip-flop story, I have gr8 news! It's not true üëçüèΩüëçüèΩ  https://t.co/uznmy6KlRW",en,[],[],['https://pbs.twimg.com/media/EseIAj1W4AIyoWm.jpg'],3,0,9,[],[],https://twitter.com/_21stCenturyCox/status/1353199758261805056,FALSE,,1,https://pbs.twimg.com/media/EseIAj1W4AIyoWm.jpg,,,,,,,"[{'screen_name': 'DregoDaGreat', 'name': 'Dre Fredrico', 'id': '226363900'}, {'screen_name': 'dadagudblood', 'name': 'ARCHANGEL STRIKAA üëºüèæüñïüèæ', 'id': '1091410284'}]",,,,,,,,,,,,,,,,,,,,Positive,Relief
1.35E+18,1.35E+18,2021-01-23 08:59:02 IST,23-01-2021,08:59:02,530,7.58E+17,_21stcenturycox,By Any Memes Necessary,,@CNBC @kevinolearytv  https://t.co/Yqj7t2Rb9v,und,[],[],['https://pbs.twimg.com/tweet_video_thumb/EsYvLFvXMAAZT92.jpg'],0,0,1,[],[],https://twitter.com/_21stCenturyCox/status/1352820611475775499,FALSE,,1,https://pbs.twimg.com/tweet_video_thumb/EsYvLFvXMAAZT92.jpg,,,,,,,"[{'screen_name': 'CNBC', 'name': 'CNBC', 'id': '20402945'}]",,,,,,,,,,,,,,,,,,,,NA,NA
1.35E+18,1.35E+18,2021-01-22 22:36:51 IST,22-01-2021,22:36:51,530,7.58E+17,_21stcenturycox,By Any Memes Necessary,,@jaketapper 9?,und,[],[],[],0,0,0,[],[],https://twitter.com/_21stCenturyCox/status/1352664033061691403,FALSE,,0,,,,,,,,"[{'screen_name': 'jaketapper', 'name': 'Jake Tapper', 'id': '14529929'}]",,,,,,,,,,,,,,,,,,,,NA,NA
1.35E+18,1.35E+18,2021-01-22 08:43:14 IST,22-01-2021,08:43:14,530,7.58E+17,_21stcenturycox,By Any Memes Necessary,,Can we get a #berniemittens Funko Pop? For the culture @OriginalFunko?,en,"[{'screen_name': 'originalfunko', 'name': 'funko', 'id': '1378000488'}]",[],[],0,0,1,['berniemittens'],[],https://twitter.com/_21stCenturyCox/status/1352454246415937537,FALSE,,0,,,,,,,,[],,,,,,,,,,,,,,,,,,,,Positive,Hope
1.35E+18,1.35E+18,2021-01-21 07:39:37 IST,21-01-2021,07:39:37,530,7.58E+17,_21stcenturycox,By Any Memes Necessary,,45's 1st day priorities vs Biden's. Ijs... #Inauguration2021  https://t.co/breUIRfROL,en,[],[],"['https://pbs.twimg.com/media/EsOJ0KeXYAEL1VT.jpg', 'https://pbs.twimg.com/media/EsOJ0VnXIAI_uF7.jpg']",1,0,1,['inauguration2021'],[],https://twitter.com/_21stCenturyCox/status/1352075849625968640,FALSE,,1,https://pbs.twimg.com/media/EsOJ0KeXYAEL1VT.jpg,,,,,,,[],,,,,,,,,,,,,,,,,,,,Neutral,NA
1.35E+18,1.35E+18,2021-01-21 00:13:33 IST,21-01-2021,00:13:33,530,7.58E+17,_21stcenturycox,By Any Memes Necessary,,"Sectors leading mkts higher following the Biden/Harris inauguration include: Comm Services, Tech, Cons Discretionary, and Real Estate üëçüèΩ  $SPY $DIA $QQQ  https://t.co/s3I2DZJHhD",en,[],[],['https://pbs.twimg.com/media/EsMjuToXMAQc2or.jpg'],0,0,0,[],"['spy', 'dia', 'qqq']",https://twitter.com/_21stCenturyCox/status/1351963593756061698,FALSE,,1,https://pbs.twimg.com/media/EsMjuToXMAQc2or.jpg,,,,,,,[],,,,,,,,,,,,,,,,,,,,Positive,Optimism
1.35E+18,1.35E+18,2021-01-20 07:31:36 IST,20-01-2021,07:31:36,530,7.58E+17,_21stcenturycox,By Any Memes Necessary,,@conorsen Aaaaaand practically flat YoY ü•¥,en,[],[],[],0,0,0,[],[],https://twitter.com/_21stCenturyCox/status/1351711445130612737,FALSE,,0,,,,,,,,"[{'screen_name': 'conorsen', 'name': 'Conor Sen', 'id': '70778344'}]",,,,,,,,,,,,,,,,,,,,Positive,excitement
1.35E+18,1.35E+18,2021-01-19 09:25:52 IST,19-01-2021,09:25:52,530,7.58E+17,_21stcenturycox,By Any Memes Necessary,,@WhistleSports I would replace at least a third of the movies on this list with Teen Wolf tbh  https://t.co/dz7Usy5tEv,en,[],[],['https://pbs.twimg.com/tweet_video_thumb/EsEO9HoXcAE1E4e.jpg'],0,0,13,[],[],https://twitter.com/_21stCenturyCox/status/1351377812985438208,FALSE,,1,https://pbs.twimg.com/tweet_video_thumb/EsEO9HoXcAE1E4e.jpg,,,,,,,"[{'screen_name': 'WhistleSports', 'name': 'Whistle', 'id': '346670872'}]",,,,,,,,,,,,,,,,,,,,Negative,Optimism
1.35E+18,1.35E+18,2021-01-18 18:00:23 IST,18-01-2021,18:00:23,530,7.58E+17,_21stcenturycox,By Any Memes Necessary,,@TheEconomist  https://t.co/TZ80bpHTkV,und,[],[],['https://pbs.twimg.com/tweet_video_thumb/EsA7H5-W8AMiixT.jpg'],0,0,0,[],[],https://twitter.com/_21stCenturyCox/status/1351144905956085773,FALSE,,1,https://pbs.twimg.com/tweet_video_thumb/EsA7H5-W8AMiixT.jpg,,,,,,,[],,,,,,,,,,,,,,,,,,,,NA,NA
1.35E+18,1.35E+18,2021-01-12 18:02:59 IST,12-01-2021,18:02:59,530,7.58E+17,_21stcenturycox,By Any Memes Necessary,,@business Okay but she's..  https://t.co/xRTuhXP0C5,en,[],[],['https://pbs.twimg.com/tweet_video_thumb/EriCLsKXcAIVP56.jpg'],0,0,0,[],[],https://twitter.com/_21stCenturyCox/status/1348971232889360384,FALSE,,1,https://pbs.twimg.com/tweet_video_thumb/EriCLsKXcAIVP56.jpg,,,,,,,"[{'screen_name': 'business', 'name': 'Bloomberg', 'id': '34713362'}]",,,,,,,,,,,,,,,,,,,,Neutral,NA
1.35E+18,1.35E+18,2021-01-10 20:39:41 IST,10-01-2021,20:39:41,530,7.58E+17,_21stcenturycox,By Any Memes Necessary,,@JenniferJJacobs @RepKenBuck  https://t.co/UJ6y4JwS3R,und,[],[],['https://pbs.twimg.com/tweet_video_thumb/ErYS3zMXYAIg6tY.jpg'],0,0,0,[],[],https://twitter.com/_21stCenturyCox/status/1348285894797778945,FALSE,,1,https://pbs.twimg.com/tweet_video_thumb/ErYS3zMXYAIg6tY.jpg,,,,,,,"[{'screen_name': 'JenniferJJacobs', 'name': 'Jennifer Jacobs', 'id': '15433452'}]",,,,,,,,,,,,,,,,,,,,NA,NA
1.35E+18,1.35E+18,2021-01-10 20:35:52 IST,10-01-2021,20:35:52,530,7.58E+17,_21stcenturycox,By Any Memes Necessary,,@williamlegate  https://t.co/ieK1XoQphi,und,[],[],['https://pbs.twimg.com/tweet_video_thumb/ErYR_1QW8AAKshE.jpg'],0,0,0,[],[],https://twitter.com/_21stCenturyCox/status/1348284932481757184,FALSE,,1,https://pbs.twimg.com/tweet_video_thumb/ErYR_1QW8AAKshE.jpg,,,,,,,[],,,,,,,,,,,,,,,,,,,,NA,NA
1.35E+18,1.35E+18,2021-01-05 10:33:49 IST,05-01-2021,10:33:49,530,7.58E+17,_21stcenturycox,By Any Memes Necessary,,@BrianLynch Clue or Young Frankenstein or What About Bob? or Airplane! or Harlem Nights  https://t.co/AUaN2ITzSN,en,[],[],['https://pbs.twimg.com/tweet_video_thumb/Eq8YP2-XUAEe5Pt.jpg'],1,0,1,[],[],https://twitter.com/_21stCenturyCox/status/1346321480792084481,FALSE,,1,https://pbs.twimg.com/tweet_video_thumb/Eq8YP2-XUAEe5Pt.jpg,,,,,,,"[{'screen_name': 'BrianLynch', 'name': 'Brian Lynch', 'id': '14973377'}]",,,,,,,,,,,,,,,,,,,,Positive,Hope
1.34E+18,1.34E+18,2021-01-01 08:47:59 IST,01-01-2021,08:47:59,530,7.58E+17,_21stcenturycox,By Any Memes Necessary,,#2021NewYear  https://t.co/ReV0j6csh5,und,[],[],['https://pbs.twimg.com/tweet_video_thumb/EqnZp2TW8AAVLLe.jpg'],0,0,0,['2021newyear'],[],https://twitter.com/_21stCenturyCox/status/1344845296862429185,FALSE,,1,https://pbs.twimg.com/tweet_video_thumb/EqnZp2TW8AAVLLe.jpg,,,,,,,[],,,,,,,,,,,,,,,,,,,,Positive,Relief
1.34E+18,1.34E+18,2020-12-31 06:45:14 IST,31-12-2020,06:45:14,530,7.58E+17,_21stcenturycox,By Any Memes Necessary,,@GeeksOfColor  https://t.co/dn77ZclUXk,und,[],[],['https://pbs.twimg.com/tweet_video_thumb/Eqhz-vBWMAUQecC.jpg'],0,0,0,[],[],https://twitter.com/_21stCenturyCox/status/1344452016463077378,FALSE,,1,https://pbs.twimg.com/tweet_video_thumb/Eqhz-vBWMAUQecC.jpg,,,,,,,[],,,,,,,,,,,,,,,,,,,,NA,NA
1.34E+18,1.34E+18,2020-12-24 05:10:36 IST,24-12-2020,05:10:36,530,7.58E+17,_21stcenturycox,By Any Memes Necessary,,@markhoppus  https://t.co/daziEM8L72,und,[],[],['https://pbs.twimg.com/tweet_video_thumb/Ep9bMbLXcAcsf61.jpg'],0,0,0,[],[],https://twitter.com/_21stCenturyCox/status/1341891489283125253,FALSE,,1,https://pbs.twimg.com/tweet_video_thumb/Ep9bMbLXcAcsf61.jpg,,,,,,,[],,,,,,,,,,,,,,,,,,,,NA,NA
1.34E+18,1.34E+18,2020-12-13 03:38:28 IST,13-12-2020,03:38:28,530,7.58E+17,_21stcenturycox,By Any Memes Necessary,,Nothing will fuck up your #Christmasspirit faster than interacting with and observing other humans while shopping,en,[],[],[],0,0,1,['christmasspirit'],[],https://twitter.com/_21stCenturyCox/status/1337882033784295425,FALSE,,0,,,,,,,,[],,,,,,,,,,,,,,,,,,,,Negative,panic
1.34E+18,1.34E+18,2020-12-10 07:42:41 IST,10-12-2020,07:42:41,530,7.58E+17,_21stcenturycox,By Any Memes Necessary,,"@jaketapper @PamelaBrownCNN @evanperez Couple thoughts: A) this is not an unusual response 2 a request for comment B) While the tone may certainly be construed as threatening, seems 2 me Tapper's underlying point is simply it may not make sense in the future for CNN to hold a story while waiting for comment. My $0.02.",en,[],[],[],0,0,0,[],[],https://twitter.com/_21stCenturyCox/status/1336856329655357440,FALSE,,0,,,,,,,,"[{'screen_name': 'jaketapper', 'name': 'Jake Tapper', 'id': '14529929'}, {'screen_name': 'PamelaBrownCNN', 'name': 'Pamela Brown', 'id': '63188873'}, {'screen_name': 'evanperez', 'name': 'Evan P√©rez', 'id': '92544900'}]",,,,,,,,,,,,,,,,,,,,Positive,Hope
1.34E+18,1.34E+18,2020-12-07 17:39:44 IST,07-12-2020,17:39:44,530,7.58E+17,_21stcenturycox,By Any Memes Necessary,,Kurt Rambis.,in,[],[],[],0,0,0,[],[],https://twitter.com/_21stCenturyCox/status/1335919421412552706,FALSE,https://twitter.com/espn/status/1335788841559613441,0,,,,,,,,[],,,,,,,,,,,,,,,,,,,,NA,NA
1.34E+18,1.34E+18,2020-12-06 06:49:05 IST,06-12-2020,06:49:05,530,7.58E+17,_21stcenturycox,By Any Memes Necessary,,CC: @jaketapper BCC: @BarackObama; @jimmyfallon  RE: #DieHard  https://t.co/Z6YUVWDTUm,in,"[{'screen_name': 'jaketapper', 'name': 'jake tapper', 'id': '14529929'}, {'screen_name': 'barackobama', 'name': 'barack obama', 'id': '813286'}, {'screen_name': 'jimmyfallon', 'name': 'jimmy fallon', 'id': '15485441'}]",[],['https://pbs.twimg.com/media/EohFHkfWEAAmzTZ.jpg'],0,0,0,['diehard'],[],https://twitter.com/_21stCenturyCox/status/1335393290229866496,FALSE,,1,https://pbs.twimg.com/media/EohFHkfWEAAmzTZ.jpg,,,,,,,[],,,,,,,,,,,,,,,,,,,,Positive,excitement
1.34E+18,1.34E+18,2020-12-06 01:05:28 IST,06-12-2020,01:05:28,530,7.58E+17,_21stcenturycox,By Any Memes Necessary,,@FallonTonight @BarackObama  https://t.co/PfbEpdyHH3,und,[],[],['https://pbs.twimg.com/tweet_video_thumb/Eof2d6HXIAIGjrr.jpg'],0,0,0,[],[],https://twitter.com/_21stCenturyCox/status/1335306814406135814,FALSE,,1,https://pbs.twimg.com/tweet_video_thumb/Eof2d6HXIAIGjrr.jpg,,,,,,,"[{'screen_name': 'FallonTonight', 'name': 'The Tonight Show', 'id': '19777398'}]",,,,,,,,,,,,,,,,,,,,NA,NA
1.33E+18,1.33E+18,2020-12-01 06:35:20 IST,01-12-2020,06:35:20,530,7.58E+17,_21stcenturycox,By Any Memes Necessary,,@blaireerskine  https://t.co/3USEIldXox,und,[],[],['https://pbs.twimg.com/tweet_video_thumb/EoHSBTpXIAEvxEk.jpg'],0,0,0,[],[],https://twitter.com/_21stCenturyCox/status/1333577892450725888,FALSE,,1,https://pbs.twimg.com/tweet_video_thumb/EoHSBTpXIAEvxEk.jpg,,,,,,,[],,,,,,,,,,,,,,,,,,,,NA,NA
1.33E+18,1.33E+18,2020-11-21 01:12:19 IST,21-11-2020,01:12:19,530,7.58E+17,_21stcenturycox,By Any Memes Necessary,,@crampell I'm just here for the gifs...,en,[],[],[],0,0,0,[],[],https://twitter.com/_21stCenturyCox/status/1329872722881638402,FALSE,,0,,,,,,,,"[{'screen_name': 'crampell', 'name': 'Catherine Rampell', 'id': '14348157'}]",,,,,,,,,,,,,,,,,,,,Positive,excitement
1.33E+18,1.33E+18,2020-11-19 06:00:15 IST,19-11-2020,06:00:15,530,7.58E+17,_21stcenturycox,By Any Memes Necessary,,"BREAKING: Trump files suit contesting Sexiest Man Alive-elect @michaelb4jordan, demands recount",en,"[{'screen_name': 'michaelb4jordan', 'name': 'michael b. jordan', 'id': '29403387'}]",[],[],0,0,0,[],[],https://twitter.com/_21stCenturyCox/status/1329220408374145024,FALSE,,0,,,,,,,,[],,,,,,,,,,,,,,,,,,,,Negative,NA
1.33E+18,1.33E+18,2020-11-18 21:42:28 IST,18-11-2020,21:42:28,530,7.58E+17,_21stcenturycox,By Any Memes Necessary,,@TheTweetOfGod  https://t.co/eEAxfBpfQB,und,[],[],['https://pbs.twimg.com/tweet_video_thumb/EnHk-LVXUAIsFnZ.jpg'],0,0,0,[],[],https://twitter.com/_21stCenturyCox/status/1329095134626066432,FALSE,,1,https://pbs.twimg.com/tweet_video_thumb/EnHk-LVXUAIsFnZ.jpg,,,,,,,[],,,,,,,,,,,,,,,,,,,,NA,NA
1.33E+18,1.33E+18,2020-11-14 17:26:05 IST,14-11-2020,17:26:05,530,7.58E+17,_21stcenturycox,By Any Memes Necessary,,"@DenzelWashngton This is a parody accounts folks. It posts awesome quotes, but it's not really Denzel. It's right in the account name, look closely üëçüèΩ",en,[],[],[],1,0,5,[],[],https://twitter.com/_21stCenturyCox/status/1327581064617979904,FALSE,,0,,,,,,,,"[{'screen_name': 'DenzelWashngton', 'name': 'Denzel Washingnoton', 'id': '524990662'}]",,,,,,,,,,,,,,,,,,,,Positive,Optimism
1.33E+18,1.33E+18,2020-11-14 08:59:20 IST,14-11-2020,08:59:20,530,7.58E+17,_21stcenturycox,By Any Memes Necessary,, https://t.co/acELhlIcon,und,[],[],['https://pbs.twimg.com/tweet_video_thumb/EmwP85IXIAckuuQ.jpg'],0,0,0,[],[],https://twitter.com/_21stCenturyCox/status/1327453535009726464,FALSE,https://twitter.com/callieabost/status/1327244059237343232,1,https://pbs.twimg.com/tweet_video_thumb/EmwP85IXIAckuuQ.jpg,,,,,,,[],,,,,,,,,,,,,,,,,,,,NA,NA
1.33E+18,1.33E+18,2020-11-11 04:18:56 IST,11-11-2020,04:18:56,530,7.58E+17,_21stcenturycox,By Any Memes Necessary,,@GeeksOfColor  https://t.co/HoBqn6agyX,und,[],[],['https://pbs.twimg.com/tweet_video_thumb/EmfzAOrW8AMfDo4.jpg'],0,0,0,[],[],https://twitter.com/_21stCenturyCox/status/1326295808208146434,FALSE,,1,https://pbs.twimg.com/tweet_video_thumb/EmfzAOrW8AMfDo4.jpg,,,,,,,[],,,,,,,,,,,,,,,,,,,,NA,NA
1.33E+18,1.32E+18,2020-11-07 16:24:39 IST,07-11-2020,16:24:39,530,7.58E+17,_21stcenturycox,By Any Memes Necessary,,@SeanAstin Amen,en,[],[],[],0,0,0,[],[],https://twitter.com/_21stCenturyCox/status/1325028886808322049,FALSE,,0,,,,,,,,"[{'screen_name': 'SeanAstin', 'name': 'Sean Astin', 'id': '286871259'}]",,,,,,,,,,,,,,,,,,,,NA,NA
1.32E+18,1.32E+18,2020-11-06 00:02:23 IST,06-11-2020,00:02:23,530,7.58E+17,_21stcenturycox,By Any Memes Necessary,,"""HOW ARE YOUR 401(K)S DOING?"" üòâ #Election2020",en,[],[],[],0,0,0,['election2020'],[],https://twitter.com/_21stCenturyCox/status/1324419303492509702,FALSE,,0,,,,,,,,[],,,,,,,,,,,,,,,,,,,,Positive,excitement
1.32E+18,1.32E+18,2020-11-05 10:23:21 IST,05-11-2020,10:23:21,530,7.58E+17,_21stcenturycox,By Any Memes Necessary,,We'll have a new Dr. Dre album b4 we get these damn Nevada results... #ElectionResults2020,en,[],[],[],0,1,4,['electionresults2020'],[],https://twitter.com/_21stCenturyCox/status/1324213188733423618,FALSE,,0,,,,,,,,[],,,,,,,,,,,,,,,,,,,,Negative,Hope
1.32E+18,1.32E+18,2020-11-04 07:16:59 IST,04-11-2020,07:16:59,530,7.58E+17,_21stcenturycox,By Any Memes Necessary,,@axios  https://t.co/saww1XarDb,und,[],[],['https://pbs.twimg.com/tweet_video_thumb/El8YoOpXYAEY0dL.jpg'],0,0,0,[],[],https://twitter.com/_21stCenturyCox/status/1323803901011832834,FALSE,,1,https://pbs.twimg.com/tweet_video_thumb/El8YoOpXYAEY0dL.jpg,,,,,,,[],,,,,,,,,,,,,,,,,,,,NA,NA
1.32E+18,1.32E+18,2020-11-03 07:11:32 IST,03-11-2020,07:11:32,530,7.58E+17,_21stcenturycox,By Any Memes Necessary,,@jaketapper  https://t.co/xkeRSwGnmF,und,[],[],['https://pbs.twimg.com/tweet_video_thumb/El3NySgXYAEHnb2.jpg'],0,0,0,[],[],https://twitter.com/_21stCenturyCox/status/1323440139914366976,FALSE,,1,https://pbs.twimg.com/tweet_video_thumb/El3NySgXYAEHnb2.jpg,,,,,,,[],,,,,,,,,,,,,,,,,,,,NA,NA
1.32E+18,1.32E+18,2020-10-28 23:13:15 IST,28-10-2020,23:13:15,530,7.58E+17,_21stcenturycox,By Any Memes Necessary,,Has anyone written an article that just bullets out every company with a COVID vaccine/treatment in the clinical stage along with the date of the next expected data from each?  $BNTX $JNJ $PFE ü§î,en,[],[],[],0,0,0,[],"['bntx', 'jnj', 'pfe']",https://twitter.com/_21stCenturyCox/status/1321507836417945607,FALSE,,0,,,,,,,,[],,,,,,,,,,,,,,,,,,,,Positive,Hope
1.32E+18,1.32E+18,2020-10-25 17:35:21 IST,25-10-2020,17:35:21,530,7.58E+17,_21stcenturycox,By Any Memes Necessary,,@axios  https://t.co/MV689fp5Mf,und,[],[],['https://pbs.twimg.com/tweet_video_thumb/ElLGQt4WAAErJNK.jpg'],0,0,0,[],[],https://twitter.com/_21stCenturyCox/status/1320335637321482241,FALSE,,1,https://pbs.twimg.com/tweet_video_thumb/ElLGQt4WAAErJNK.jpg,,,,,,,[],,,,,,,,,,,,,,,,,,,,NA,Na
1.32E+18,1.32E+18,2020-10-22 06:28:42 IST,22-10-2020,06:28:42,530,7.58E+17,_21stcenturycox,By Any Memes Necessary,,aka What happens when defined contribution and other #pension plans are still assuming 7% growth while having to hold massive amounts of #bonds earning ~1%?,en,[],[],[],0,0,0,"['pension', 'bonds']",[],https://twitter.com/_21stCenturyCox/status/1319080705004011520,FALSE,https://twitter.com/jasonzweigwsj/status/1318925737425051648,0,,,,,,,,[],,,,,,,,,,,,,,,,,,,,Positive,fear
1.32E+18,1.32E+18,2020-10-19 09:34:46 IST,19-10-2020,09:34:46,530,7.58E+17,_21stcenturycox,By Any Memes Necessary,,@dgordon52 Trump's feet:  https://t.co/ns6vi4HgNC,en,[],[],['https://pbs.twimg.com/tweet_video_thumb/EkqeuY6X0AATUKt.jpg'],0,0,0,[],[],https://twitter.com/_21stCenturyCox/status/1318040366721961985,FALSE,,1,https://pbs.twimg.com/tweet_video_thumb/EkqeuY6X0AATUKt.jpg,,,,,,,"[{'screen_name': 'dgordon52', 'name': 'Doug Gordon', 'id': '94206208'}]",,,,,,,,,,,,,,,,,,,,Neutral,excitement
1.32E+18,1.32E+18,2020-10-17 09:01:00 IST,17-10-2020,09:01:00,530,7.58E+17,_21stcenturycox,By Any Memes Necessary,,@freep Good.,en,[],[],[],0,0,9,[],[],https://twitter.com/_21stCenturyCox/status/1317307095109242880,FALSE,,0,,,,,,,,"[{'screen_name': 'freep', 'name': 'Detroit Free Press', 'id': '8795772'}]",,,,,,,,,,,,,,,,,,,,Good,Relief
1.32E+18,1.32E+18,2020-10-15 13:01:36 IST,15-10-2020,13:01:36,530,7.58E+17,_21stcenturycox,By Any Memes Necessary,,@kathrynw5  https://t.co/U5YL1dZjGd,und,[],[],['https://pbs.twimg.com/tweet_video_thumb/EkWns5NX0AAwMQA.jpg'],0,0,0,[],[],https://twitter.com/_21stCenturyCox/status/1316642866370838528,FALSE,,1,https://pbs.twimg.com/tweet_video_thumb/EkWns5NX0AAwMQA.jpg,,,,,,,[],,,,,,,,,,,,,,,,,,,,NA,NA
1.32E+18,1.32E+18,2020-10-15 07:34:16 IST,15-10-2020,07:34:16,530,7.58E+17,_21stcenturycox,By Any Memes Necessary,,@axios Sense like a regular basket of deplorables over there,en,[],[],[],0,0,0,[],[],https://twitter.com/_21stCenturyCox/status/1316560493662932993,FALSE,,0,,,,,,,,"[{'screen_name': 'axios', 'name': 'Axios', 'id': '800707492346925056'}]",,,,,,,,,,,,,,,,,,,,Neutral,Optimism
1.32E+18,1.32E+18,2020-10-14 06:59:16 IST,14-10-2020,06:59:16,530,7.58E+17,_21stcenturycox,By Any Memes Necessary,,"Bed Bath &amp; Beyond enters agreement to sell 'Beyond' assets, announces pivot to 'Bed Bath And That's It' branding and focus on streaming service $BBBY üòâ",en,[],[],[],0,0,1,[],['bbby'],https://twitter.com/_21stCenturyCox/status/1316189296664211457,FALSE,,0,,,,,,,,[],,,,,,,,,,,,,,,,,,,,Positive,excitement
1.32E+18,1.32E+18,2020-10-14 05:56:24 IST,14-10-2020,05:56:24,530,7.58E+17,_21stcenturycox,By Any Memes Necessary,,One week ago $SPY  https://t.co/YdpuRI8gYD,en,[],[],['https://pbs.twimg.com/media/EkP8zSUWsAMkOne.jpg'],0,0,0,[],['spy'],https://twitter.com/_21stCenturyCox/status/1316173476714213376,FALSE,,1,https://pbs.twimg.com/media/EkP8zSUWsAMkOne.jpg,,,,,,,[],,,,,,,,,,,,,,,,,,,,NA,NA
1.32E+18,1.32E+18,2020-10-13 09:03:37 IST,13-10-2020,09:03:37,530,7.58E+17,_21stcenturycox,By Any Memes Necessary,,Check out Greenwood! Modern Banking for the Culture  https://t.co/xbMQtTYv6c via @BankGreenwood,en,"[{'screen_name': 'bankgreenwood', 'name': 'bank greenwood', 'id': '1303037622214819840'}]",['https://bankgreenwood.com?referral=tTIhxaU&refSource=twitter'],[],0,0,0,[],[],https://twitter.com/_21stCenturyCox/status/1315858201854857221,FALSE,,0,,,,,,,,[],,,,,,,,,,,,,,,,,,,,Neutral,Hope
1.32E+18,1.31E+18,2020-10-11 05:05:25 IST,11-10-2020,05:05:25,530,7.58E+17,_21stcenturycox,By Any Memes Necessary,,"@freep And yet, the car insurance rates...",en,[],[],[],0,0,1,[],[],https://twitter.com/_21stCenturyCox/status/1315073481369964544,FALSE,,0,,,,,,,,"[{'screen_name': 'freep', 'name': 'Detroit Free Press', 'id': '8795772'}]",,,,,,,,,,,,,,,,,,,,Positive,fear
1.31E+18,1.31E+18,2020-10-08 17:01:18 IST,08-10-2020,17:01:18,530,7.58E+17,_21stcenturycox,By Any Memes Necessary,,"If ""the stock market is not the economy"" was a chart...  via Goldman $SPY $QQQ $FNGU  https://t.co/TG1gPSo10a",en,[],[],['https://pbs.twimg.com/media/EjzbcfeWAAALr19.jpg'],0,0,0,[],"['spy', 'qqq', 'fngu']",https://twitter.com/_21stCenturyCox/status/1314166476157464577,FALSE,,1,https://pbs.twimg.com/media/EjzbcfeWAAALr19.jpg,,,,,,,[],,,,,,,,,,,,,,,,,,,,Neutral,NA
1.31E+18,1.31E+18,2020-10-07 01:03:33 IST,07-10-2020,01:03:33,530,7.58E+17,_21stcenturycox,By Any Memes Necessary,,"US trade deficit is the biggest its been since '06 $SPY $DIA  This snippet from WSJ today: ""in August...imports recovered to pre-pandemic levels and exports of services and manufacturing products stalled.""  Wonder why ü§î",en,[],[],[],0,0,0,[],"['spy', 'dia']",https://twitter.com/_21stCenturyCox/status/1313563062142734341,FALSE,,0,,,,,,,,[],,,,,,,,,,,,,,,,,,,,Positive,fear
1.31E+18,1.31E+18,2020-10-02 13:12:30 IST,02-10-2020,13:12:30,530,7.58E+17,_21stcenturycox,By Any Memes Necessary,, https://t.co/QZZZ2Lzukk,und,[],[],['https://pbs.twimg.com/tweet_video_thumb/EjTtiO-XsAAD2cC.jpg'],0,0,0,[],[],https://twitter.com/_21stCenturyCox/status/1311934570145742849,FALSE,,1,https://pbs.twimg.com/tweet_video_thumb/EjTtiO-XsAAD2cC.jpg,,,,,,,[],,,,,,,,,,,,,,,,,,,,NA,NA
1.31E+18,1.31E+18,2020-09-28 16:58:51 IST,28-09-2020,16:58:51,530,7.58E+17,_21stcenturycox,By Any Memes Necessary,,The buybacks are coming.... $SPY  https://t.co/YUq5xkfGPc,en,[],[],['https://pbs.twimg.com/media/Ei_6_J_WAAE9mKL.jpg'],0,0,0,[],['spy'],https://twitter.com/_21stCenturyCox/status/1310541981769248774,FALSE,,1,https://pbs.twimg.com/media/Ei_6_J_WAAE9mKL.jpg,,,,,,,[],,,,,,,,,,,,,,,,,,,,Positive,Hope
1.31E+18,1.31E+18,2020-09-25 16:59:40 IST,25-09-2020,16:59:40,530,7.58E+17,_21stcenturycox,By Any Memes Necessary,,@nytimes Come again?,en,[],[],[],0,0,2,[],[],https://twitter.com/_21stCenturyCox/status/1309455023202603009,FALSE,,0,,,,,,,,"[{'screen_name': 'nytimes', 'name': 'The New York Times', 'id': '807095'}]",,,,,,,,,,,,,,,,,,,,Neutral,NA
1.31E+18,1.31E+18,2020-09-24 05:04:15 IST,24-09-2020,05:04:15,530,7.58E+17,_21stcenturycox,By Any Memes Necessary,,@carlquintanilla  https://t.co/Gr7ffzckgH,und,[],[],['https://pbs.twimg.com/tweet_video_thumb/EioxEKlXcAMF7If.jpg'],0,0,0,[],[],https://twitter.com/_21stCenturyCox/status/1308912595835944960,FALSE,,1,https://pbs.twimg.com/tweet_video_thumb/EioxEKlXcAMF7If.jpg,,,,,,,[],,,,,,,,,,,,,,,,,,,,NA,NA
1.31E+18,1.31E+18,2020-09-22 19:36:17 IST,22-09-2020,19:36:17,530,7.58E+17,_21stcenturycox,By Any Memes Necessary,,All the Romney stans rn:  https://t.co/J9sqkqPpZj,en,[],[],['https://pbs.twimg.com/tweet_video_thumb/EihlegRWAAQkrtJ.jpg'],0,0,0,[],[],https://twitter.com/_21stCenturyCox/status/1308407273975435267,FALSE,,1,https://pbs.twimg.com/tweet_video_thumb/EihlegRWAAQkrtJ.jpg,,,,,,,[],,,,,,,,,,,,,,,,,,,,Positive,excitement
1.31E+18,1.31E+18,2020-09-21 06:17:41 IST,21-09-2020,06:17:41,530,7.58E+17,_21stcenturycox,By Any Memes Necessary,,"@axios Hey @axios , not a single Democrat you quoted used the word ""war,"" let alone ""total war,"" - do u think perhaps your headline and caption are incendiary, at best? Irresponsible? Given the current climate? Think harder, please, about your choice of words üëçüèΩ",en,"[{'screen_name': 'axios', 'name': 'axios', 'id': '800707492346925056'}]",[],[],0,0,0,[],[],https://twitter.com/_21stCenturyCox/status/1307843911902212096,FALSE,,0,,,,,,,,"[{'screen_name': 'axios', 'name': 'Axios', 'id': '800707492346925056'}]",,,,,,,,,,,,,,,,,,,,Positive,Optimism
1.31E+18,1.31E+18,2020-09-17 19:53:38 IST,17-09-2020,19:53:38,530,7.58E+17,_21stcenturycox,By Any Memes Necessary,,"Countdown to your ""high-yield"" money market acct emailing you there's been an update to your account... #FederalReserve #monetaryPolicy #interestfreeeconomy",en,[],[],[],0,0,0,"['federalreserve', 'monetarypolicy', 'interestfreeeconomy']",[],https://twitter.com/_21stCenturyCox/status/1306599700091604993,FALSE,,0,,,,,,,,[],,,,,,,,,,,,,,,,,,,,Positive,Hope
1.31E+18,1.31E+18,2020-09-16 16:29:12 IST,16-09-2020,16:29:12,530,7.58E+17,_21stcenturycox,By Any Memes Necessary,,@matthewjdowd Big facts.,en,[],[],[],0,0,0,[],[],https://twitter.com/_21stCenturyCox/status/1306185866063249408,FALSE,,0,,,,,,,,"[{'screen_name': 'matthewjdowd', 'name': 'Matthew Dowd', 'id': '288363743'}]",,,,,,,,,,,,,,,,,,,,Neutral,NA
1.31E+18,1.31E+18,2020-09-16 16:28:12 IST,16-09-2020,16:28:12,530,7.58E+17,_21stcenturycox,By Any Memes Necessary,,"@JoeBiden I just wanna point out that the wonderful woman who asked the question is wearing a mask and I did not see her ""constantly touching"" it not one time...",en,[],[],[],0,0,1,[],[],https://twitter.com/_21stCenturyCox/status/1306185610705743873,FALSE,,0,,,,,,,,"[{'screen_name': 'JoeBiden', 'name': 'Joe Biden', 'id': '939091'}]",,,,,,,,,,,,,,,,,,,,Neutral,NA
1.31E+18,1.31E+18,2020-09-16 03:46:48 IST,16-09-2020,03:46:48,530,7.58E+17,_21stcenturycox,By Any Memes Necessary,,Self-care tip: go on YouTube and watch old videos of Pres. @BarackObama at press conferences üëåüèΩ   https://t.co/qrB3qubLnS,en,"[{'screen_name': 'barackobama', 'name': 'barack obama', 'id': '813286'}]",['https://youtu.be/AxuwazaXOMg'],[],0,0,0,[],[],https://twitter.com/_21stCenturyCox/status/1305994000231522308,FALSE,,0,,,,,,,,[],,,,,,,,,,,,,,,,,,,,Positive,Relief
1.31E+18,1.31E+18,2020-09-15 21:11:50 IST,15-09-2020,21:11:50,530,7.58E+17,_21stcenturycox,By Any Memes Necessary,,"OBSERVATION: Like Amazon and Apple before it, Tesla is now so large it's creeping up the top 10 holdings list of many a market cap weighted fund, even those you mightn't expect. Be cautious, therefore friends, of fund overlap with $TSLA üëçüèΩüëçüèΩ",en,[],[],[],0,0,0,[],['tsla'],https://twitter.com/_21stCenturyCox/status/1305894602835193857,FALSE,,0,,,,,,,,[],,,,,,,,,,,,,,,,,,,,Positive,Optimism
1.31E+18,1.30E+18,2020-09-13 14:33:50 IST,13-09-2020,14:33:50,530,7.58E+17,_21stcenturycox,By Any Memes Necessary,,@CNN  https://t.co/K6vDSuRSrT,und,[],[],['https://pbs.twimg.com/tweet_video_thumb/EhyJ8bgX0AYvv-d.jpg'],0,0,1,[],[],https://twitter.com/_21stCenturyCox/status/1305069669641003009,FALSE,,1,https://pbs.twimg.com/tweet_video_thumb/EhyJ8bgX0AYvv-d.jpg,,,,,,,[],,,,,,,,,,,,,,,,,,,,NA,NA
1.30E+18,1.30E+18,2020-09-11 08:06:04 IST,11-09-2020,08:06:04,530,7.58E+17,_21stcenturycox,By Any Memes Necessary,,"@carlquintanilla Weird flex, but okay",en,[],[],[],0,0,0,[],[],https://twitter.com/_21stCenturyCox/status/1304247308972941312,FALSE,,0,,,,,,,,"[{'screen_name': 'carlquintanilla', 'name': 'Carl Quintanilla', 'id': '114782468'}]",,,,,,,,,,,,,,,,,,,,Neutral,NA
1.30E+18,1.30E+18,2020-09-10 03:59:54 IST,10-09-2020,03:59:54,530,7.58E+17,_21stcenturycox,By Any Memes Necessary,,@CBSNews  https://t.co/skkooTJQ8d,und,[],[],['https://pbs.twimg.com/tweet_video_thumb/EhgcE3NWsAERj-E.jpg'],0,0,0,[],[],https://twitter.com/_21stCenturyCox/status/1303822969869828097,FALSE,,1,https://pbs.twimg.com/tweet_video_thumb/EhgcE3NWsAERj-E.jpg,,,,,,,[],,,,,,,,,,,,,,,,,,,,NA,NA
1.30E+18,1.30E+18,2020-09-09 04:50:53 IST,09-09-2020,04:50:53,530,7.58E+17,_21stcenturycox,By Any Memes Necessary,,@CNBC  https://t.co/4pvYveem9H,und,[],[],['https://pbs.twimg.com/media/EhbeKHNXkAc7WTq.jpg'],0,0,0,[],[],https://twitter.com/_21stCenturyCox/status/1303473414263496704,FALSE,,1,https://pbs.twimg.com/media/EhbeKHNXkAc7WTq.jpg,,,,,,,[],,,,,,,,,,,,,,,,,,,,NA,NA
1.30E+18,1.30E+18,2020-09-09 04:48:20 IST,09-09-2020,04:48:20,530,7.58E+17,_21stcenturycox,By Any Memes Necessary,,$TSLA  https://t.co/b05jF3BnGh,nl,[],[],['https://pbs.twimg.com/media/EhbdkioXkAIXgbs.jpg'],1,0,1,[],['tsla'],https://twitter.com/_21stCenturyCox/status/1303472768722370560,FALSE,,1,https://pbs.twimg.com/media/EhbdkioXkAIXgbs.jpg,,,,,,,[],,,,,,,,,,,,,,,,,,,,NA,NA
1.30E+18,1.30E+18,2020-09-08 22:34:12 IST,08-09-2020,22:34:12,530,7.58E+17,_21stcenturycox,By Any Memes Necessary,,"What I, a #millennial, expect after skipping my morning lattes  https://t.co/gcFiJpDgsR",en,[],[],['https://pbs.twimg.com/tweet_video_thumb/EhaH8TEXcAYpEzu.jpg'],0,0,0,['millennial'],[],https://twitter.com/_21stCenturyCox/status/1303378618479935490,FALSE,,1,https://pbs.twimg.com/tweet_video_thumb/EhaH8TEXcAYpEzu.jpg,,,,,,,[],,,,,,,,,,,,,,,,,,,,Positive,excitement
1.30E+18,1.30E+18,2020-09-08 22:28:32 IST,08-09-2020,22:28:32,530,7.58E+17,_21stcenturycox,By Any Memes Necessary,,"It would appear that many of you *drastically* overestimated the benefit of being added to an index...  Live and learn, friends üëçüèΩ  $TSLA $SPY",en,[],[],[],0,0,0,[],"['tsla', 'spy']",https://twitter.com/_21stCenturyCox/status/1303377189803524097,FALSE,,0,,,,,,,,[],,,,,,,,,,,,,,,,,,,,Positive,Optimism
1.30E+18,1.30E+18,2020-09-06 07:12:12 IST,06-09-2020,07:12:12,530,7.58E+17,_21stcenturycox,By Any Memes Necessary,,@CNN  https://t.co/CbCSTyh6DJ,und,[],[],['https://pbs.twimg.com/tweet_video_thumb/EhMhu1MXcAAsd4p.jpg'],0,0,0,[],[],https://twitter.com/_21stCenturyCox/status/1302421811272056832,FALSE,,1,https://pbs.twimg.com/tweet_video_thumb/EhMhu1MXcAAsd4p.jpg,,,,,,,[],,,,,,,,,,,,,,,,,,,,NA,NA
1.30E+18,1.30E+18,2020-08-30 10:05:52 IST,30-08-2020,10:05:52,530,7.58E+17,_21stcenturycox,By Any Memes Necessary,,"@CNBC @ChangePolls ...as a fresh wave of layoffs is announced by Coca-Cola, Universal Resorts, MGM, Spirit Aerosystems, etc...  https://t.co/sIdZXXi1lm",en,[],[],['https://pbs.twimg.com/tweet_video_thumb/EgpGVSRXYAEoZvZ.jpg'],0,0,0,[],[],https://twitter.com/_21stCenturyCox/status/1299928802743681027,FALSE,,1,https://pbs.twimg.com/tweet_video_thumb/EgpGVSRXYAEoZvZ.jpg,,,,,,,"[{'screen_name': 'CNBC', 'name': 'CNBC', 'id': '20402945'}, {'screen_name': 'ChangePolls', 'name': 'Change Research', 'id': '864581823048818688'}]",,,,,,,,,,,,,,,,,,,,Positive,Hope
1.30E+18,1.30E+18,2020-08-30 09:59:35 IST,30-08-2020,09:59:35,530,7.58E+17,_21stcenturycox,By Any Memes Necessary,,"@washingtonpost Aaaaaand what policies would those be, exactly?  https://t.co/DvzhSOlKKk",en,[],[],['https://pbs.twimg.com/tweet_video_thumb/EgpE6HbXcAAT6Fg.jpg'],0,0,0,[],[],https://twitter.com/_21stCenturyCox/status/1299927219012276225,FALSE,,1,https://pbs.twimg.com/tweet_video_thumb/EgpE6HbXcAAT6Fg.jpg,,,,,,,"[{'screen_name': 'washingtonpost', 'name': 'The Washington Post', 'id': '2467791'}]",,,,,,,,,,,,,,,,,,,,Neutral,fear
1.30E+18,1.30E+18,2020-08-30 09:57:01 IST,30-08-2020,09:57:01,530,7.58E+17,_21stcenturycox,By Any Memes Necessary,,"@axios Wait, are they worried about the looting, or about the protests? Isn't the way that your caption and headline refer to these 2 phenomenon as though they're interchangeable or one and the same pretty irresponsible?",en,[],[],[],0,0,1,[],[],https://twitter.com/_21stCenturyCox/status/1299926575748702209,FALSE,,0,,,,,,,,"[{'screen_name': 'axios', 'name': 'Axios', 'id': '800707492346925056'}]",,,,,,,,,,,,,,,,,,,,Negative,panic
1.30E+18,1.30E+18,2020-08-29 17:58:33 IST,29-08-2020,17:58:33,530,7.58E+17,_21stcenturycox,By Any Memes Necessary,,@USATODAY *American icons,en,[],[],[],0,0,0,[],[],https://twitter.com/_21stCenturyCox/status/1299685369789718528,FALSE,,0,,,,,,,,"[{'screen_name': 'USATODAY', 'name': 'USA TODAY', 'id': '15754281'}]",,,,,,,,,,,,,,,,,,,,Neutral,NA
1.30E+18,1.30E+18,2020-08-29 07:41:40 IST,29-08-2020,07:41:40,530,7.58E+17,_21stcenturycox,By Any Memes Necessary,,@dougmillsnyt @RebeccaBuck @realDonaldTrump @TheTweetOfGod üëÄ,und,[],[],[],0,0,1,[],[],https://twitter.com/_21stCenturyCox/status/1299530124480700416,FALSE,,0,,,,,,,,"[{'screen_name': 'dougmillsnyt', 'name': 'Doug Mills', 'id': '87761810'}, {'screen_name': 'RebeccaBuck', 'name': 'Rebecca Buck', 'id': '17881467'}, {'screen_name': 'realDonaldTrump', 'name': 'Donald J. Trump', 'id': '25073877'}]",,,,,,,,,,,,,,,,,,,,,
1.30E+18,1.30E+18,2020-08-18 09:21:22 IST,18-08-2020,09:21:22,530,7.58E+17,_21stcenturycox,By Any Memes Necessary,,"@GeeksOfColor The Girl With The Dragon Tattoo (meaning a film of the next novel in the series, with the cast of the 2011 film reprising their roles)",en,[],[],[],0,0,0,[],[],https://twitter.com/_21stCenturyCox/status/1295568949602549763,FALSE,,0,,,,,,,,"[{'screen_name': 'GeeksOfColor', 'name': 'Geeks of Color #BlackLivesMatter', 'id': '4669412971'}]",,,,,,,,,,,,,,,,,,,,Positive,excitement
1.30E+18,1.30E+18,2020-08-17 05:15:56 IST,17-08-2020,05:15:56,530,7.58E+17,_21stcenturycox,By Any Memes Necessary,,"@RexChapman Who is ""they""? Genuine question",en,[],[],[],0,0,0,[],[],https://twitter.com/_21stCenturyCox/status/1295144796688912384,FALSE,,0,,,,,,,,"[{'screen_name': 'RexChapman', 'name': 'Rex Chapmanüèáüèº', 'id': '324703658'}]",,,,,,,,,,,,,,,,,,,,Neutral,Hope
1.29E+18,1.29E+18,2020-08-11 07:23:32 IST,11-08-2020,07:23:32,530,7.58E+17,_21stcenturycox,By Any Memes Necessary,,@chicagosky @WNBA Nice,en,[],[],[],0,0,0,[],[],https://twitter.com/_21stCenturyCox/status/1293002577957793793,FALSE,,0,,,,,,,,"[{'screen_name': 'chicagosky', 'name': 'Chicago Sky', 'id': '42517286'}, {'screen_name': 'WNBA', 'name': 'WNBA', 'id': '17159397'}]",,,,,,,,,,,,,,,,,,,,Positive,Relief
1.29E+18,1.29E+18,2020-08-11 07:07:49 IST,11-08-2020,07:07:49,530,7.58E+17,_21stcenturycox,By Any Memes Necessary,,"@BeschlossDC @cajuninfl Wow, you're telling me the 1917 Pandemic  lasted for 28 years?!? Crazy... *sarcasm*",en,[],[],[],0,0,0,[],[],https://twitter.com/_21stCenturyCox/status/1292998624083881986,FALSE,,0,,,,,,,,"[{'screen_name': 'BeschlossDC', 'name': 'Michael Beschloss', 'id': '874916178'}, {'screen_name': 'cajuninfl', 'name': 'Cajun in FL', 'id': '67437701'}]",,,,,,,,,,,,,,,,,,,,Negative,NA
1.29E+18,1.29E+18,2020-08-05 17:03:43 IST,05-08-2020,17:03:43,530,7.58E+17,_21stcenturycox,By Any Memes Necessary,,@akkitwts Same,en,[],[],[],0,0,0,[],[],https://twitter.com/_21stCenturyCox/status/1290974258802425856,FALSE,,0,,,,,,,,"[{'screen_name': 'akkitwts', 'name': 'The Feel Good Page ‚ù§Ô∏è', 'id': '1108020329643823109'}]",,,,,,,,,,,,,,,,,,,,Neutral,NA
1.29E+18,1.29E+18,2020-08-03 03:29:30 IST,03-08-2020,03:29:30,530,7.58E+17,_21stcenturycox,By Any Memes Necessary,,@blackenterprise About motherfuckin time,en,[],[],[],0,0,0,[],[],https://twitter.com/_21stCenturyCox/status/1290044579563986944,FALSE,,0,,,,,,,,"[{'screen_name': 'blackenterprise', 'name': 'Black Enterprise', 'id': '15612015'}]",,,,,,,,,,,,,,,,,,,,Negative,excitement
1.29E+18,1.29E+18,2020-08-03 03:29:09 IST,03-08-2020,03:29:09,530,7.58E+17,_21stcenturycox,By Any Memes Necessary,,"@NonGaap Try @BenzingaPro. You can filter your feed for SEC filings, then filter or search for keywords, tickers, etc.",en,"[{'screen_name': 'benzingapro', 'name': 'benzingapro', 'id': '248836670'}]",[],[],0,0,2,[],[],https://twitter.com/_21stCenturyCox/status/1290044491672543234,FALSE,,0,,,,,,,,"[{'screen_name': 'NonGaap', 'name': 'Mike', 'id': '362725041'}]",,,,,,,,,,,,,,,,,,,,Positive,Optimism
1.29E+18,1.29E+18,2020-08-02 08:07:26 IST,02-08-2020,08:07:26,530,7.58E+17,_21stcenturycox,By Any Memes Necessary,,@TheCarlWeathers This is the way.,en,[],[],[],0,0,0,[],[],https://twitter.com/_21stCenturyCox/status/1289752136838856704,FALSE,,0,,,,,,,,"[{'screen_name': 'TheCarlWeathers', 'name': 'Carl Weathers', 'id': '54060173'}]",,,,,,,,,,,,,,,,,,,,Neutral,Relief
1.29E+18,1.29E+18,2020-08-02 08:00:04 IST,02-08-2020,08:00:04,530,7.58E+17,_21stcenturycox,By Any Memes Necessary,,@sarahcpr How to princess,en,[],[],[],0,0,0,[],[],https://twitter.com/_21stCenturyCox/status/1289750283187154945,FALSE,,0,,,,,,,,"[{'screen_name': 'sarahcpr', 'name': 'Sarah Cooper', 'id': '14642495'}]",,,,,,,,,,,,,,,,,,,,Negative,NA
1.29E+18,1.29E+18,2020-08-02 07:52:17 IST,02-08-2020,07:52:17,530,7.58E+17,_21stcenturycox,By Any Memes Necessary,,"@chrislmuench @glamelegance @realDonaldTrump With our without the tests, the cases would still exist tho, right? Also, we have antifungals.",en,[],[],[],0,0,2,[],[],https://twitter.com/_21stCenturyCox/status/1289748322526179328,FALSE,,0,,,,,,,,"[{'screen_name': 'glamelegance', 'name': 'Jules Morgan üá∫üá∏', 'id': '36807657'}, {'screen_name': 'realDonaldTrump', 'name': 'Donald J. Trump', 'id': '25073877'}]",,,,,,,,,,,,,,,,,,,,Positive,Hope
1.29E+18,1.29E+18,2020-07-25 06:42:31 IST,25-07-2020,06:42:31,530,7.58E+17,_21stcenturycox,By Any Memes Necessary,,@IvanTheK 4,und,[],[],[],0,0,0,[],[],https://twitter.com/_21stCenturyCox/status/1286831661917917185,FALSE,,0,,,,,,,,"[{'screen_name': 'IvanTheK', 'name': 'Ivan the K‚Ñ¢', 'id': '197869772'}]",,,,,,,,,,,,,,,,,,,,NA,NA
1.29E+18,1.29E+18,2020-07-23 09:37:55 IST,23-07-2020,09:37:55,530,7.58E+17,_21stcenturycox,By Any Memes Necessary,,"@RexChapman ""Brick, are you just looking at things in the room and naming them?""  https://t.co/kttbZvF9OB",en,[],[],['https://pbs.twimg.com/tweet_video_thumb/EdlThLZXsAA3a3Q.jpg'],0,0,1,[],[],https://twitter.com/_21stCenturyCox/status/1286151029055205376,FALSE,,1,https://pbs.twimg.com/tweet_video_thumb/EdlThLZXsAA3a3Q.jpg,,,,,,,"[{'screen_name': 'RexChapman', 'name': 'Rex Chapmanüèáüèº', 'id': '324703658'}]",,,,,,,,,,,,,,,,,,,,Neutral,fear
1.28E+18,1.28E+18,2020-07-19 09:41:41 IST,19-07-2020,09:41:41,530,7.58E+17,_21stcenturycox,By Any Memes Necessary,,#Louisville87,und,[],[],[],0,0,0,['louisville87'],[],https://twitter.com/_21stCenturyCox/status/1284702423488122880,FALSE,https://twitter.com/RexChapman/status/1284596270745739266,0,,,,,,,,[],,,,,,,,,,,,,,,,,,,,NA,NA
1.28E+18,1.28E+18,2020-07-17 06:44:43 IST,17-07-2020,06:44:43,530,7.58E+17,_21stcenturycox,By Any Memes Necessary,,@markknoller  https://t.co/McmNZn22nV,und,[],[],['https://pbs.twimg.com/tweet_video_thumb/EdFyW-yWAAEMiY4.jpg'],0,0,0,[],[],https://twitter.com/_21stCenturyCox/status/1283933115073941504,FALSE,,1,https://pbs.twimg.com/tweet_video_thumb/EdFyW-yWAAEMiY4.jpg,,,,,,,[],,,,,,,,,,,,,,,,,,,,NA,NA
1.28E+18,1.28E+18,2020-07-17 00:59:12 IST,17-07-2020,00:59:12,530,7.58E+17,_21stcenturycox,By Any Memes Necessary,,Bullish. $TSLA,et,[],[],[],0,0,1,[],['tsla'],https://twitter.com/_21stCenturyCox/status/1283846163905552392,FALSE,https://twitter.com/RexChapman/status/1283807773936033798,0,,,,,,,,[],,,,,,,,,,,,,,,,,,,,NA,NA
1.28E+18,1.28E+18,2020-07-15 20:44:29 IST,15-07-2020,20:44:29,530,7.58E+17,_21stcenturycox,By Any Memes Necessary,,"@RexChapman ""Smellowine and cheap perfyooohooooom...""",en,[],[],[],0,0,2,[],[],https://twitter.com/_21stCenturyCox/status/1283419672801615872,FALSE,,0,,,,,,,,"[{'screen_name': 'RexChapman', 'name': 'Rex Chapmanüèáüèº', 'id': '324703658'}]",,,,,,,,,,,,,,,,,,,,Negative,panic
